INSERT INTO news (news_id, uuid, title, author, content, views, thumbnail_url, created_at) values
(1, '299aea6d-0bb2-4459-a64f-ea8ab1bebe54', '"가해학생 치료 재발방지 제도 부족 공립형 병원학교 설립 절실"', '정민엽', '인터뷰┃박진숙 평원중학교 교사학생들과 꾸준히 소통 학급 내 학폭 예방심리상담·병원비 지원 등 교사에 큰 위로 - 학교 현장에서 교육활동을 하면서 겪은 어렵거나 힘들었던 경험을 공유해 달라.\n“담임을 맡았을 때, 학급 내에서 영향력 있는 한 학생이 다른 친구를 지속적으로 괴롭히는 일이 있었다. 담임교사로서 반복되는 행동에 대해 학급 전체에 훈계하고, 해당 학생에게는 개별 상담과 경고를 여러 차례 진행했다. 하지만 학생은 오히려 담임교사인 내가 그들의 문화를 이해하지 못한다며 반발했고, 보호자 역시 선입견이라고 생각해 교육활동에 어려움이 있었다.”\n- 어려움을 어떻게 극복했는가?\n“함께 살아가는 데 필요한 가치들을 내 이야기를 통해 들려줬다. 또한 학급 친구들에게 담임교사를 도와달라고 직접 부탁했다. 그 결과, 학생들이 조금씩 바뀌었고, 피해 학생도 용기를 내 거절 의사를 표현하게 됐다. 아이들의 목소리로 학교폭력으로 이어질 수 있었던 상황이 조정됐고, 가해 학생도 스스로 변화를 약속하게 됐다.”\n- 교육활동보호센터에 대해 알고 있는가\n“센터에서는 법률 상담, 변호사 입회, 심리상담, 병원비 지원 등 다양한 지원을 하고 있는 것으로 알고 있다. 특히 동료 교사 중 심리상담 지원을 받은 선생님이 있었다. 상담을 통해 마음의 위로를 받았다는 말을 들었다. 교육당국의 이런 제도만으로도 교사에게는 큰 힘이 된다.”\n- 현장 교사로서 바라는 점을 말해달라.\n“피해 교원에 대한 지원은 잘 마련돼 있다고 생각한다. 다만, 가해 학생에 대한 치료나 재발 방지를 위한 제도는 여전히 부족하다. 강원도에도 공립형 병원학교가 설립돼 심리 치료와 보육, 교육이 연계되는 시스템이 만들어졌으면 좋겠다. 또한 사회봉사나 특별교육 이행과정에서 실질적인 프로그램이 운영될 수 있도록 전문 기관이나 교육지원청 중심의 체계가 마련되길 기대한다.”', 0, NULL, '2025-05-12'),
(2, 'ed27c7ce-5ac9-48d9-8f44-bdaf7d39789d', '버스 파업 위기, 현대차 임협 빨간불 통상임금 갈등 확산', '김연주(kim.yeonjoo@joongang.co.kr)', '커지는 대법 판결 후폭풍\n11년 만에 기존 판결을 뒤집은 ‘조건부 정기상여금도 통상임금’이란 대법원 판례의 후폭풍이 거세다.\n전국 22개 지역 버스 노조는 오는 12일 지방노동위원회에 일제히 노동쟁의 조정을 신청할 예정이라고 11일 밝혔다. 서울 버스 노사의 핵심 쟁점인 통상임금 적용 문제가 전국 버스 노사 갈등으로 번진 것이다. 조정 기간 내 협상이 타결되지 않을 경우, 전국 버스 노조는 오는 28일 총파업에 돌입할 방침이다. 이 경우 전국 약 4만4000대의 시내·시외·고속버스가 멈춰 설 수 있다. 전국 동시 파업이 현실화된다면 2012년 이후 13년 만이다. 이미 서울 시내버스노조는 준법투쟁(법과 규정을 엄격히 지켜 업무 지연을 유도하는 쟁의행위)에 돌입했다.\n이번 노사 갈등의 중심에는 지난해 12월 대법원의 통상임금 판결이 있다. 당시 대법원은 ‘고정성’ 요건을 폐기하며, 근로자의 재직 여부나 근무 일수에 따라 조건부로 지급되는 정기 상여금도 통상임금에 포함된다고 판결했다. 통상임금은 연장·야간·휴일근로 수당 산정의 기준이 되기 때문에, 상여금이 통상임금에 포함돼 오르면 임금 전체가 증가하게 된다.\n이 판결을 근거로 서울시 버스노조는 늘어나는 통상임금과 함께 내년도 기본급 8.2% 인상을 요구하고 있다. 반면 사측은 기존 임금체계가 ‘정기상여금이 통상임금에 포함되지 않는다’는 전제 하에 설계된 것이라며, 판례가 변경된 이상 임금체계 개편을 통해 통상임금 인상분을 조정해야 한다는 입장이다. 정기상여금이 통상임금에 포함되면 실질적으로 이미 임금이 오르는 셈이라서다. 서울시와 사측은 통상임금 확대만으로 약 10%의 임금 인상이 불가피한 상황에서, 기본급 8.2%를 추가 인상할 경우 총 인상률이 20%를 넘어 재정적으로 부담이 크다며 난색을 표하고 있다.\n대법원은 노사 혼란을 우려해 통상임금 판결의 소급효(법적 효력이 과거로 거슬러 올라가 발생하는 것)를 제한했지만, 관련 소송도 잇따르고 있다. HD현대중공업 노조는 퇴직자들로 구성된 소송단을 꾸려 통상임금 반환 소송에 들어갔다. 기아 노조도 지난 2월 변경된 판례를 반영해 적게 지급된 통상임금 반환하라는 소송을 제기한 상황이다.\n다른 기업도 긴장 상태다. 하반기 임금협상에서 통상임금이 주요 쟁점으로 떠올라서다. 현대자동차 노조는 이미 하반기 임금 및 단체협상(임단협)에서 통상임금을 본격적으로 논의하겠다고 선언했다. LG전자 사무직 노조는 올 1월 대법원 판결 취지에 맞춰 수당을 올려 달라고 회사 측에 공문을 보냈다.\n오용수 법무법인 광장 변호사는 “결국은 사측에서는 통상임금으로 계산해 주는 연장근로를 줄이거나 내년 임금 인상률을 줄여 임금 부담을 낮춰야 하는데, 노조 입장에서는 임금 인상을 포기할 수 없으니 갈등은 예고된 상황”이라고 말했다. 불안한 기업들은 정부에 해석과 가이드라인을 문의하고 있다. 고용노동부에 따르면 대법원의 통상임금 판결 이후 기업들로부터 접수된 관련 질의는 이미 300건을 넘겼다. 고용노동부 관계자는 “조건부 정기 상여금뿐만 아니라 피복비, 체력단련비 등 기업마다 명칭과 성격이 다른 다양한 수당이 통상임금에 포함되는지에 대한 문의가 많다”고 설명했다.\n김상민 법무법인 태평양 인사노무그룹장은 “이번 판결을 계기로 기업들은 복잡한 수당을 정리하거나 성과 기반 상여금으로 바꿔나가려 하고 있다”며 “다만 모든 게 노사가 합의해야 가능한 것이기 때문에 올해는 내내 노사 사이에 상당한 진통이 있을 수밖에 없다”고 전망했다.', 0, NULL, '2025-05-12'),
(3, '802c9ed9-84ff-43ad-b095-7c0742bbed07', '강원도교육청, 강원학원 전 이사장 교직원 등 80여명 고발 예고', '강동휘기자 yulnyo@kwnews.co.kr', '갑질과 직장 내 괴롭힘으로 논란을 빚었던 학교법인 강원학원이 운영 비리까지 대거 적발됐다. 강원특별자치도교육청은 강원학원에 대한 감사 결과 다수의 비위 행위를 확인하고, 전 이사장과 전 이사, 다수의 교직원에 대해 징계 및 형사 고발하기로 했다고 지난 9일 밝혔다.\n도교육청은 지난해 12월부터 지난달까지 5개월간 진행된 감사를 통해 강원학원 전 이사장이 일부 교직원들에게 금품을 제공 받았다는 의혹 등의 사실 여부를 확인했다.\n이에 도교육청은 교직원 등에게 금품을 수수한 혐의로 전 이사장과 전 이사 등 2명을, 이들에게 금품을 제공한 혐의로 교직원 78명을 조만간 경찰에 고발하기로 했다. 일부 관리책임 관계자 5명은 징계 대상에 포함했다.\n이와는 별도로 도교육청은 시설 분야에서 총체적 부실을 확인, 주무 감독관청에 5명에 대해 중징계를 요구하고 6명에 대해 경찰 수사를 의뢰하기로 했다. 학교 등에게는 1억6,249만8,000원의 예산 회수의 시정 조치도 요구 한다.\n교비회계 집행 부정과 관련 중징계 4명을 포함해 5명에 대한 징계를 요구하고 1명을 형사 고발하기로 했다. 이 밖에 전 이사장의 학교시설 사적 사용, 장학금 지급 절차 투명성 부족 등도 지적했다.\n도교육청 감사관은 “비위 행위는 엄정 처리되고 학교 정상화를 위한 컨설팅 등 후속 지원도 함께하겠다”고 밝혔다.\n이와관련 전국교직원노동조합 강원지부는 “십수 년간 반복된 비위를 인지하지 못했다는 도교육청의 해명은 스스로의 감독 책임을 부정하는 것”이라고 주장했다.', 0, 'https://www.bigkinds.or.kr/resources/images/01300201/2025/05/12/01300201.20250512000306001.01.jpg', '2025-05-12'),
(4, 'e77522ec-0944-40f6-8b29-79aa97f49031', '의대생 10명 중 4명 유급 확정  강원대 ''1과목 수강생들'' 7월 유급 전망', '강동휘기자 yulnyo@kwnews.co.kr', '전국 의대생 10명 중 4명 이상이 유급 대상으로 확정됐다.\n교육부는 전국 40개 의과대학이 제출한 자료를 바탕으로 유급 예정 학생 8,305명과 제적 예정 학생 46명을 확정 발표했다. 이는 전체 의대 재학생 1만9,475명 중 42.6%에 해당한다. 예과 과정에 유급 제도가 없는 일부 대학에서는 1학기 이후 성적경고가 예상되는 인원이 3,027명(15.5%)으로 추산됐다.\n특히 1개 과목만 수강 신청한 학생 1,389명(7.1%)도 학기말 성적 처리 대상에 포함됐다. 현재 강원대 의대 재학생 대다수가 이 같은 방식으로 수강 신청을 해놓은 상태로, 학교 측이 학사 유연화 조치를 시행하지 않으면 오는 7월께 대거 유급될 전망이다.\n한편, 대한의과대학·의학전문대학원학생협회는 최근 오석환 교육부 차관 등을 직권남용 권리행사방해죄 및 강요죄 등의 혐의로 고위공직자범죄수사처에 고발했다. 이들은 “교육부가 갈등을 해결하려는 노력 없이 오히려 사태를 악화시키고 있다”고 비판했다.', 0, 'https://www.bigkinds.or.kr/resources/images/01300201/2025/05/12/01300201.20250512000309001.01.jpg', '2025-05-12'),
(5, '37ea40da-d4b5-4fec-9a09-0dc182db1d71', '국민 88% “자녀 성인돼도 지원” 대학생 부양비 월 92만원', '박은주,박상은', '국민의 88%가량이 자녀가 성인이 된 이후에도 경제적으로 지원해야 한다고 여기는 것으로 나타났다. 특히 ‘취업 때까지 지원한다’는 답변은 10년 새 10% 포인트 이상 증가했다. 대학생 자녀에게 쓰는 월평균 부양비는 92만원에 육박한 것으로 조사됐다.\n11일 한국보건사회연구원(보사연)의 ‘2024년도 가족과 출산 조사’ 보고서에 따르면 자녀 유무나 혼인 상태와 관계없이 9639명을 대상으로 조사한 결과 51%는 ‘대학 졸업할 때까지’ 자녀를 경제적으로 지원해야 한다고 응답했다. ‘취업할 때까지’가 28.7%로 뒤를 이었다. 이어 ‘혼인할 때까지’(5.6%), ‘언제까지라도’(2.5%) 등 순이었다. 약 88%가 성인이 된 자녀도 경제적으로 부양해야 한다고 본 것이다. ‘고등학교 때까지’ 지원해야 한다고 답한 비율은 12.1%에 그쳤다.\n이번 조사는 보사연이 3년 주기로 실시하는 인구행동 심층 조사의 일부다. ‘대학 졸업 때까지’라는 응답은 2015년 62.4%에서 2018년 59.2%, 2021년 51.5%로 줄어드는 추세다. 반면 ‘취업할 때까지’라는 응답은 2015년과 2018년에 17% 수준에서 2021년 24.2%, 지난해 28.7%로 증가했다. 청년이 첫 일자리를 구하는 시기가 늦어지면서 양육 책임을 지는 시기가 더 길어지고 있는 것으로 보인다.\n실제 대학생 자녀를 둔 응답자 1164명 중 80.6%는 자녀에게 경제적 지원을 하고 있었다. 월평균 부양비는 91만7000원이었다. 이는 중·고등학생(99만7000원) 자녀보다 8만원 적은 수준이다. 반면 영유아(57만원) 자녀보다는 30만원 이상 많았고, 초등학생(76만6000원) 자녀와도 15만원 넘게 차이가 났다.\n대학생 자녀 부양비는 용돈 및 교통·통신비가 34만4000원으로 가장 많은 비중을 차지했다. 공교육비(대학 학비)는 28만4000원, 사교육비는 3만7000원으로 조사됐다. 또 의복비 6만3000원, 여가 문화생활비 2만7000원, 기타 비용 14만7000원 등이었다.\n30세 이상 성인이 부모와 사는 비율도 크게 늘었다. 특히 30~34세 응답자의 부모 동거 비율은 2021년 15.2%에서 지난해 27%로, 35~39세는 6.4%에서 13.1%로 늘었다. 보고서는 “성인 자녀의 노동시장 진입·안착의 지연 등으로 특정한 주거형태가 강요되고 가족 부담이 커지는 상황이 발생하지 않는지 면밀한 관찰이 이루어져야 한다”고 지적했다.', 0, 'https://www.bigkinds.or.kr/resources/images/01100201/2025/05/12/01100201.20250512000324002.01.jpg', '2025-05-12'),
(6, '833a5565-5b0d-407e-a33d-73a512e98a28', '김문수, 선관위 후보 등록..."광폭 빅텐트, 이젠 원팀"', '김다연', '[앵커]\n국민의힘 김문수 대선 후보가 중앙선관위에 정식 등록을 마치면서 기호 2번을 달고 본격적인 선거운동에 돌입하게 됐습니다.\n단일화를 둘러싼 당 내홍을 의식해서인지 김 후보는 ''광폭의 연대''와 ''원팀''을 거듭 강조했습니다.\n김다연 기자가 보도합니다.\n[기자]\n국민의힘 김문수 대선 후보가 큰절을 올리자 의원들은 기립 박수로 화답합니다.\n후보 자리가 위태롭던 이틀 전과 달리 이제는 중앙선거관리위원회에 공식 등록된 후보 자격으로 의원총회에 참석한 겁니다.\n[김문수 / 국민의힘 대선 후보 : 대한민국과 국민 행복을 위해 저의 큰절을 받아주시면 감사하겠습니다.]\n김 후보는 본인도 넓게 품지 못했다며 경선 과정에서 상처도 있었지만 이제 하나가 되자고 거듭 강조했습니다.\n한덕수 전 총리와의 후보 단일화 시도 과정에서 불거진 내홍을 수습하려는 의도로 풀이됩니다.\n[김문수 / 국민의힘 대선 후보 : 과거의 상처를 서로 보듬고 화합해 미래를 향해 함께 나아가야 할 때입니다. 오늘부터 우리는 원팀입니다.]\n김 후보가 당내 갈등 봉합을 첫 과제로 삼은 모습인데, 선관위 후보 등록을 마치자마자 한 전 총리를 만난 것도 비슷한 맥락입니다.\n김 후보는 한 전 총리를 거듭 추켜세우며 선대위원장 자리까지 제안했지만, 한 전 총리는 할 수 있는 일을 하겠다며 즉답을 피했습니다.\n[한덕수 / 전 국무총리 : 실무적으로 어떤 게 적절한지는 조금 논의를 하게 하는 게 좋겠습니다.]\n김 후보는 단일화 실패를 두고 지도부 책임론이 계속 언급되는 데에는, 광폭의 ''빅텐트''로 가야 한다며 사실상 대폭 물갈이 가능성을 일축했습니다.\n권영세 의원이 비상대책위원장 자리를 스스로 내려놓은 가운데, 대선 실무 전반을 총괄하는 사무총장에는 4선의 박대출 의원이 내정됐습니다.\n김 후보는 중앙선거대책위원회 첫 회의를 열어 본격적인 대선 체제에 들어갔는데, 단일화를 두고 진통이 컸던 만큼 의원들의 적극적인 협조가 이뤄질지는 미지수입니다.\nYTN 김다연입니다.', 0, 'https://www.bigkinds.or.kr/resources/images/08100401/2025/05/11/08100401.20250511195402001.01.jpg', '2025-05-11'),
(7, '128e4678-012b-4276-a3c7-2cf23b1e364c', '윤석열 거부한 ''채 상병 특검'', 이재명의 약속 "박정훈, 반드시 제자리 돌아오게 한다"', '허환주', '이재명 더불어민주당 대선 후보가 "''채 상병 사건 진상규명을 위한 특검법''을 반드시 통과시키겠다"고 약속했다.\n이 후보는 10일 자신의 페이스북에 "실추된 해병대의 명예를 바로 세우고, 불법 권력에 맞서 수사의 소임을 다한 박정훈 대령이 반드시 제자리로 돌아올 수 있게 하겠다"며 이 같이 밝혔다.\n이 후보는 그러면서 "외압의 진실은 끝까지 밝히고, 책임자는 반드시 처벌받게 하겠다"고 덧붙였다.\n이 후보는 해병대의 위상 격상도 약속했다. 이 후보는 "해병대를 독립적인 ''준4군 체제''로 개편하고 해병대사령관의 위상을 격상하겠다"며 "해병대 임무를 상륙작전·신속대응 전담으로 특화하고, 현 해병대 임무 중 해안과 강안 경계 작전 임무는 최첨단 감시체계를 갖추도록 지원하겠다"고 했다.\n뿐만 아니라 이 후보는 "해병대 독립 회관 건립을 추진하겠다"며 "현재 각 군 중 해병대만 독립 회관이 없다. 전우애를 기리고 전통을 계승할 회관을 건립해 해병의 자긍심을 세우겠다"고 밝혔다.', 0, 'https://www.bigkinds.or.kr/resources/images/04104008/2025/05/11/04104008.20250511230341001.01.jpg', '2025-05-11'),
(8, 'e3846a4b-54f4-4603-8ea1-e01daf151bf9', '정신없이 김문수, 이제서야 잰걸음', '김우성 wskim@kyeongin.com,정의종 jej@kyeongin.com', '김문수, 당내 압박속 기사회생\n당원들 반대로 후보 교체 무산\n김 후보 중심 당권재편 가시화\n국민의힘 김문수 대선 후보와 권성동 원내대표가 11일 서울 여의도 국회에서 열린 의원총회에 참석하고 있다. 2025.5.11 /연합뉴스\n‘정치는 생물’이라는 통설이 여지없이 증명된 일주일이었다. 김문수 후보가 국민의힘 지도부의 강압적인 교체시도를 완전히 뿌리치기까지 벌어진 사건들은 보수진영의 명운을 가른 분수령이자 한국 정당사의 극적인 장면 중 하나로 기록될 전망이다.\n지난 3일 김 후보가 전당대회에서 대선 후보로 선출될 때만 해도 단일화 과정이 이 정도로 격랑에 빠져들 거라 예상한 이는 많지 않았다. 하지만 전당대회 당일 저녁부터 국민의힘 지도부는 김 후보에게 ‘선 단일화, 후 선대위 구성’을 타진하며 단일화를 압박한 것으로 알려졌다.\n김 후보와 한덕수 후보는 5일 조계사에서 처음 대면했으나 별다른 이벤트는 일어나지 않았다. 그런데 이튿날인 6일 김 후보는 경주 일정을 소화하던 중 “당이 대선후보에 대한 지원을 거부하고 있다”며 일정을 중단했다. 당 지도부가 전날 밤 전국위원회 및 전당대회 소집 공고를 낸 데 대한 맞불이었다.\n김 후보와 한 후보는 7일 배석자 없이 한 시간 넘게 담판회동을 했지만 합의점을 도출하지 못했다. 김문수 캠프 김재원 비서실장은 기자들과 만나 권영세 비대위원장이 김 후보를 끌어내리기 위해 황우여 전 선관위원장을 부추겼다는 요지의 주장을 폈다. 이날 권성동 원내대표는 단일화를 요구하는 단식에 돌입했다. 사실상 김 후보에 대한 총력 압박이었다.\n김 후보는 8일 아침 긴급 기자회견을 열어 당무우선권을 발동하고 지도부에 “손 떼라”고 선전포고를 했다. 권 원내대표는 비대위에서 “알량한 후보 자리를 지키려 한다”고 그를 공격했다. 같은 날 오후 김 후보와 한 후보는 2차 회동을 가졌으나 또다시 협상이 결렬됐다.\n9일에는 의원총회에 참석한 김 후보와 지도부 간 갈등이 생중계되는 등 상황이 긴박하게 돌아갔다. 김 후보 측의 ‘전당대회 개최금지 가처분신청’ 등이 기각되고 단일화 찬반투표가 종료되자 지도부는 10일 새벽 후보 교체절차에 착수하고 한 후보는 신속 입당 후 후보등록까지 마쳤다.\n그러나 지도부의 후보교체 시도는 ‘한밤중 기습 교체’에 실망한 당원들의 거부로 끝내 무산됐다. 후보등록기한을 새벽 단 1시간으로 제한하는 등의 행태가 결정적으로 당원들의 심기를 건드렸다는 분석이 나온다. 권 비대위원장과 이양수 사무총장 등이 퇴진키로 하면서 국민의힘 당권은 김 후보 중심으로 재편돼 대권을 향한 잰걸음이 비로소 시작될 것으로 보인다.', 0, 'https://www.bigkinds.or.kr/resources/images/01200201/2025/05/11/01200201.20250511194821002.01.jpg', '2025-05-11'),
(9, '8e5266a7-8819-4905-a981-bd67661dbaae', '"반드시 승리" 尹 메시지에 "입 다물라"는 국힘, "출당 해야", "중도 확장 막는 악재"', '김우정', '국민의힘에서 11일 윤석열 전 대통령의 대선 관련 메시지를 두고 비판과 우려 발언들이 잇달아 쏟아졌다.\n앞서 이날 윤 전 대통령은 페이스북에 ''국민께 드리는 호소''라는 제목으로 "이번 선거에서 우리는 반드시 승리해야 한다"며 후보 교체 논란 끝에 당 후보로 확정된 김문수 후보에 힘을 실었다. 그러면서 "김 후보가 제시하는 ''원칙을 지키는 정치''는 바로 자유민주주의의 본질을 보여주는 것"이라며 "이는 지금 거대 야당의 전체주의적 행태와는 근본적으로 다르다. 이 차이가 대한민국의 미래를 가른다"고 했다. 이어 "저 윤석열은 끝까지 여러분과 함께 할 것"이라고 말했다.\n이를 두고 국민의힘 내부에서는 오히려 윤 전 대통령의 김 후보 지지가 악재가 될 것이라며 우려하는 목소리가 나오고 있다.\n양향자 공동선대위원장은 이날 선대위 회의에서 "오늘 윤 전 대통령이 김 후보 지지를 밝혔다. 당 입장에서는 중도 확장을 가로막는 심각한 악재"라며 "이번 대선이 윤석열과 이재명의 대결이 되면 필패"라고 말했다.\n양 위원장은 이어 "계엄에 대해 국민에게 엄숙하게 사과해야 이를 극복할 수 있다"고 강조했다.\n한동훈 전 대표 역시 페이스북에서 "오늘처럼 윤 전 대통령이 결코 선거에 도움 안 되는 공개 메시지를 계속 내면서 당에 관여하려는 상황에서는 출당 조치가 필요하다"고 주장했다.\n한 전 대표는 김 후보를 향해서도 "윤 전 대통령 부부와 단호히 절연해야 한다"며 "계엄과 탄핵 반대에 대해 진심으로 국민들께 사과하고 입장을 분명히 해야 한다"고 요청했다.\n조경태 의원은 페이스북에서 윤 전 대통령의 메시지를 보도한 기사를 공유하며 "그 입 다물기를 바란다. 가만히 있는 게 도와주는 거다. 빨리 출당시키든지 정리해야 한다"고 강도 높게 비난했다.\n윤재옥 선대위 총괄본부장은 선대위 회의를 마친 뒤 기자들과 만나 윤 전 대통령 메시지를 둘러싼 당 일각의 비판에 "개별 메시지에 대해 이런저런 평가하는 거 자체가 선거에 크게 도움이 안 된다"고 말했다.\n그러면서 윤 전 대통령 제명 혹은 출당 논의 계획에 대해 "지나간 일에 매몰돼 미래 비전을 제시하는 것이 희석되지 않도록 선거 메시지를 관리하겠다"며 일단 선을 그었다.\n윤 총괄선대본부장은 "우리 후보가 앞으로 어떻게 대한민국을 위대하고 새롭게 만들 것인지, 민주당이 집권했을 때 있을 수 있는 여러 국가적 어려움과 민주주의의 어려움을 국민에게 홍보하는 데 집중하겠다"고 덧붙였다.', 0, 'https://www.bigkinds.or.kr/resources/images/01500601/2025/05/11/01500601.20250511195146001.01.jpg', '2025-05-11'),
(10, 'e80c45c3-38e3-4b75-8a48-36132c731c99', '이준석 “지금이 보수를 재건축할 시점”', '장은희', '개혁신당 이준석 후보가 지난 10일 중앙선거관리위원회에 대선 후보 등록을 마친 직후 ‘보수의 심장’ 대구를 찾아 첫 유세에 나섰다. 그는 이날 “TK에서 70~80%의 지지를 보내야 우리가 바라는 변화가 일어난다”며 보수 유권자들에게 적극적인 지지를 호소했다.\n이 후보는 이날 동성로 거리버스킹, 파워풀 대구 페스티벌 참여 등의 일정을 소화하면서 “아무리 대구가 변하지 않는다고 사람들이 얘기하지만 90년대에는 대구도 화가 나면은 자민련도 당선시키고 2016년에는 김부겸 총리도 당선시켰다”며 “대구가 화나면 진짜 무서운 곳이다. 그걸 이번에 꼭 보여주셨으면 좋겠다”고 강조했다.\n그는 국민의힘을 겨냥해서는 “정든 집이라도 너무 낡아 사람이 살 수 없다면 과감히 헐고 새로 지어야 한다”며 “지금이 바로 보수를 재건축할 시점”이라고 주장했다.\n이 후보는 이날 “대구·경북에 책임 있고 비중 있는 분들이 지금 저희와 대화하고 있다. 다만 국민의힘의 지금 상황이 이상한 방향으로 가다 보니까 그분들에게 조금 기다리고 계시라 이렇게 말씀드렸다”고 말했다. 이 지역 보수 진영의 전·현직 거물급 인사 영입 가능성을 언급한 것이다.\n최근 이 후보는 보수·중도층의 폭넓은 지지를 받으며 대안 정치세력으로 부상하고 있다.\n국민의힘의 비정상적인 후보 교체 시도에 실망한 일부 보수 유권자들이 개혁신당으로 이동하면서 이 후보를 중심으로 한 지지세가 뚜렷하게 나타나고 있다.\n개혁신당 선거대책위원회는 11일 0시 기준 온라인 입당 당원 수가 8만9100명을 넘어섰다고 밝혔다. 지난 8일까지만 해도 8만4000명 수준이던 당원 수는 김문수·한덕수 간 단일화 결렬 직후 급증하기 시작했고, 10일 새벽 국민의힘 지도부가 후보 교체에 착수하자 온라인 커뮤니티에는 개혁신당 입당 인증글이 잇따랐다.\n이 후보의 유튜브 채널인 ‘이준석TV’ 역시 가파른 성장세를 보이고 있다. 지난달 11일 기준 4만 2900명이던 구독자 수는 지난 8일 기준 9만 4800명을 넘기더니 11일 오후 5시 기준 11만 6000명을 돌파했다. 선대위 관계자는 “온라인에 익숙하지 않은 고령층까지 포함하면 체감 지지세는 훨씬 클 것”이라며 “국민의힘의 무능과 혼선이 보수 유권자들의 집단 이탈을 촉진하고 있다”고 평가했다.\n정치권 내부에서도 이 후보를 향한 주목도가 높아지고 있다. 홍준표 전 대구시장은 10일 자신의 페이스북에 “보수 레밍 정당은 사라지고 이준석만 홀로 남았다”는 글을 올렸다.\n같은 날 인천공항에 배웅을 나간 이 후보에게 홍 전 시장은 “이번 대선판은 이재명 대 이준석"이라며 "두 사람이 한번 잘 해보시라”고 말했다. 이 발언은 이준석 중심으로 대선 판세가 재편될 수 있다는 정치권 일각의 기대감을 드러낸 것으로 보인다.\n이 후보는 홍 전 시장 출국 후 기자들과 만나 “국민의힘에서 친분이 있는 현역 국회의원 여러 명이 감정이 격해서 저에게 전화하기도 했다"며 "어떤 의원은 우리 같이 힘을 합쳐서 (일을) 해볼 수 있는 거 아니냐라고 읍소하시는 분도 있다"고 밝혔다.', 0, 'https://www.bigkinds.or.kr/resources/images/01501201/2025/05/11/01501201.20250511195229001.01.jpg', '2025-05-11'),
(11, '4ab67633-08c5-40cc-ba64-c24ec337c7ae', 'SKT "10일까지 143만 명 유심 교체"...대기자 722만 명', '박기완', 'SK텔레콤 해킹 사고 이후 유심을 교체한 가입자가 지난 10일 자정 기준 143만 명을 기록했습니다.\nSK텔레콤은 일일브리핑에서 유심 무상교체 현황과 관련해 이같이 밝혔습니다.\n하지만 여전히 유심 교체를 신청하고도 받지 못한 대기자만 722만 명에 이르는 것으로 파악됐습니다.\n한때 바닥을 드러냈던 유심 재고에 대해선 지난 9일부터 오는 18일까지 모두 117만 개가 추가 공급된다고 설명했습니다.\n이어 다음 달 말까지 모두 1,077만 개의 유심이 순차적으로 확보될 예정이라고 말했습니다.\nSK텔레콤은 유심 교체 가능 문자를 받은 가입자는 T월드 매장에서 ''유심 재설정''과 ''유심 교체'' 가운데 선택할 수 있고, ''유심 재설정''을 택하더라도 이후 1회에 한해 유심 무상 교체도 가능하다고 덧붙였습니다', 0, NULL, '2025-05-12'),
(12, '33dcb356-6521-4e9a-8c9d-0095993ae737', '비수도권 일반고일수록 고교학점제 과목 선택 폭 좁다', '이유진 기자 eeuu@kookje.co.kr', '도입 하자마자 형평성 지적 나와\n올해 전국 고등학교에 전면 도입된 고교학점제의 학교별 개설 과목 수가 최대 2배까지 차이가 나는 것으로 나타났다. 학생 수가 많은 서울지역 학교나 자율형사립고(자사고)는 개설 과목 수가 많은 반면, 지역 일반고는 상대적으로 적어 학생들의 선택권이 차별받는다는 지적이 나온다.\n11일 종로학원이 전국 고교 41곳을 대상으로 고교학점제 개설 과목 현황을 분석한 결과, 전국 단위 자사고인 A학교의 개설 과목이 127개로 가장 많았다. 개설 과목 수가 가장 적은 학교는 지역의 소규모 일반고인 B학교로 63개에 불과했다.\n전국 단위 자사고 6곳의 평균 개설 과목 수는 105.3개, 학생 수가 많은 서울지역 일반고 10곳의 평균은 100.8개, 서울 자사고 10곳 평균은 100.2개로 100개를 상회했다. 학생 수가 적은 서울 일반고 10곳 평균은 97.7개였다. 이에 반해 지역 소규모 일반고 5곳 평균은 75.6개에 그쳤다.\n고교학점제는 국어 영어 수학 사회 과학 등 공통과목에 더해 각 학교마다 다양한 선택과목 강좌를 개설하는 식으로 운영된다. 선택과목은 ▷일반선택 ▷진로선택 ▷융합선택으로 분류되며, 대체로 진로선택과 융합선택의 과목 비중이 많게는 60~70%, 적게는 50% 정도로 편성된다.\n진로선택에서 개설이 많은 과목은 ‘세포와 물질대사(과학)’ ‘화학반응의 세계(과학)’ ‘기하(수학)’ ‘미적분Ⅱ(수학)’ ‘물질과 에너지(과학)’ ‘생물의 유전(과학)’ 등이다. 이 외 인문학 윤리 한국지리탐구 등 학교별로 개설된 과목 유형이 100가지가 넘을 정도로 다양하다. 융합선택 과목에서는 ‘스포츠생활’ ‘융합과학탐구’ ‘역사로 탐구하는 현대세계’ ‘기후변화와 환경생태’ ‘과학의 역사와 문화’ ‘여행지리’ ‘윤리문제탐구’ ‘독서 토론과 글쓰기’ 등이 많이 개설됐다.\n고교학점제는 학생들이 자신의 진로와 적성에 맞춰 다양한 과목을 선택, 진로와 적성을 조기에 탐색하도록 한다는 취지로 도입됐다. 그러나 학교 유형별, 지역별로 개설 과목 수가 차이를 보여 학생들이 차별을 겪는다는 지적이 벌써 나오는 것이다.\n이런 가운데 내신 등급이 산출되는 과목은 수강인원 수가 변수로 작용한다. 수강자가 적을 경우 내신 등급 확보가 어려워지기 때문이다. 이에 따라 올해 고1의 2028학년도 대학입시부터 고교학점제와 함께 내신 5등급제가 적용되면서 전략적으로 과목을 선택할 필요가 있다는 조언이 나온다. 내신 5등급제에서 1등급(상위 10%)에 드는 학생은 본인의 진로와 적성에 따라 다양하게 과목을 선택할 수 있으나, 이 범위를 벗어나는 학생은 대입 전략을 두고 상당한 고민에 빠질 수 있다. 임성호 종로학원 대표는 “최상위권은 동점자가 다수 나올 가능성을 고려해 과목 선택을 전략적으로 잘 활용하는 것이 중요하다. 상위 10%를 벗어나는 학생은 대입 전략을 수립하기 어려울 것”이라고 말했다.N17', 0, 'https://www.bigkinds.or.kr/resources/images/01500401/2025/05/12/01500401.20250512205033004.01.jpg', '2025-05-12'),
(13, '02972e1e-e19f-427e-858f-6731e7833c49', '연총 "조기 대선 앞 과학기술계 정책 요구 잇달아 연총 "출연연 위상 재정립을"', '임효인 기자', '조기 대선을 앞두고 후보자들에게 과학기술 정책 공약화 요구가 잇따르고 있다. 연구개발(R&D) 예산 삭감사태 재발 방지를 위한 일정 비율 보장 법제화와 개방적이고 독립적인 과학기술 거버넌스 체계 구축 등이 주요 내용이다.\n11일 과학기술계에 따르면 노동조합과 연구자 단체 등이 6월 3일 대선 후보자들에게 과학기술정책 공약화를 요구하고 있다. 4월 과학의 달과 조기 대선 시점이 맞물리면서 과학기술계 기대와 요구가 더 확산되는 모양새다.\n23개 과학기술 정부 출연연구기관(출연연) 연구자 2600여명이 소속된 (사)출연연과학기술인협의회총연합회(이하 연총)는 9일 21대 대선공약 요청 제안서를 통해 출연연 혁신 정책을 후보자들에게 주문했다.\n연총은 과학기술 정책 수립과 실행을 독립적으로 수행할 수 있도록 기획과 예산권이 보장된 혁신적 상위 행정기구 신설을 요구했다. 또 현재 각 부처에 분산돼 있는 R&D 과제와 역할을 개방적 협업·협력으로 지원하고 조정할 것을 제안했다.\n과학기술 R&D 정책과 평가기관의 정치 독립성 보장을 위해 기관장 임명이나 재임명 평가 시 구성원 의견 반영 요구와 함께 과학기술 R&D 예산 5% 이상 법제화를 통해 국제 협력과 지역 발전을 위한 과학기술 R&D 예산 지속 확보 요구, 출연연 위상 재정립을 위한 정년 환원, 임금피크제 폐지, 연구 중심의 선진적 행정 지원체계 마련 정책화도 주문했다. 그동안 꾸준히 제기된 연구과제중심제도(PBS) 폐지도 요구했다.\n앞서 공공과학기술연구노동조합(과기연구노조)은 과학의 날을 앞둔 4월 17일 R&D 예산 복원과 안정적 지원을 위한 법제화, 국가 과학기술 시스템 개혁, 출연연과 4대 과학기술원 등 공공연구기관의 공공성·자율성 확대, 공공연구기관 종사자 사기진작과 처우개선 등을 정책 요구한 바 있다.\n대선 후보들은 연구 현장을 방문하거나 공약을 내놓으며 연구 현장 표심을 노리고 있다.\n이재명 더불어민주당 후보는 앞서 4월 21일 과학의 날을 맞아 공개한 과학기술 공약을 통해 R&D 예산 확대, 과학기술인 존중 및 처우개선, 연구·교육 활성화를 위한 지역 기반 강화, 지자체가 자율성 갖고 R&D 투자 방향 설정 등을 약속했다.\n김문수 국민의 힘 후보는 과학기술부총리와 과학특임대사 신설을 비롯해 과학기술인 처우 개선과 위상 강화, 세계적 수준의 연구 중심 허브 육성·연구 몰입 환경 조성 등을 공약했다. 연구현장이 지속적으로 요구한 정년 환원, PBS 폐지 또는 전면 개선도 공약으로 내걸었다.', 0, 'https://www.bigkinds.or.kr/resources/images/01400351/2025/05/12/01400351.20250512220346001.01.jpg', '2025-05-12'),
(14, '5355145c-29cc-4c43-80ea-4e990f561a38', '강원지역 보이스피싱 피해 연 245억원 경찰-국정원-은행 범죄예방 협력', '하위윤기자 hwy@kwnews.co.kr', '‘카드가 배송될 예정입니다.’\n강원도에 거주하는 50대 A씨는 최근 신청한 적이 없는 카드가 집으로 배달될 예정이라는 휴대전화 문자를 받았다. 이상하게 생각한 A씨가 카드배송원이 알려준 번호로 전화하자 상담원은 A씨 계좌가 범죄에 연루된 정황이 있다고 설명했다. 금융감독원까지 들먹인 이들의 안내로 A씨는 거래은행으로 찾아가 10억원 이상을 이체한 뒤 보이스피싱 범죄에 당한 것을 알게됐다.\n이처럼 최근 카드 배송원을 사칭한 보이스피싱 범죄가 잇따르고 있다. 특히 범죄조직의 수법이 다양해지며 지난해 강원지역 보이스피싱 발생건수는 584건, 피해금액은 254억원으로 집계됐다. 신고되지 않을 것을 감안하면 피해규모는 더욱 클 것으로 예상된다.\n이에 강원경찰청, 국정원 강원지부, 금융기관 등은 보이스피싱 범죄 차단에 나선다.\n도내 농협은행·국민은행·신한은행 67개 지점은 12일부터 순번 대기표에 피싱 카드배송 전화주의 예방 문구를 인쇄해 ‘피싱 체크리스트’로 활용한다. 이번 조치로 잠정적 피해자들과 창구 이용자들은 대기표를 통해 최신 피싱 유형을 확인할 수 있고 은행직원들도 자금의 용도나 인출 사유 등을 추가 조회하는 등 범죄 예방효과를 얻을 수 있을 것으로 기대된다.\n경찰·국정원·금융기관 관계자는 “보이스피싱 사건은 관할이 없는 범죄인 만큼 효율적인 정책을 발굴하고 실시해 점차 전국적으로 확대 운영할 계획”이라며 “은행 이용자들과 직원들의 보이스피싱 예방 의식이 크게 높아지길 기대한다”고 말했다.', 0, 'https://www.bigkinds.or.kr/resources/images/01300201/2025/05/12/01300201.20250512000146001.01.jpg', '2025-05-12'),
(15, '91f16f0a-df98-4ef4-833d-1a97cb0c7290', '말과 행동 다른 SKT 지지부진 위약금 면제 소비자 분통', '손지찬기자 chany@kwnews.co.kr', 'SK텔레콤이 유심(USIM·가입자 식별 모듈) 정보 유출 사고를 계기로 이탈하는 이용자들에 대한 약정 계약 위약금 면제를 두고 미온적인 태도를 보이고 있다. ‘SK텔레콤은 끝까지 책임을 다하겠습니다’는 문구와 상반되는 대처에 소비자들의 불만이 잇따르고 있다.\n화천에 거주하는 김송연(여·27)씨는 “금융 정보 등 민감한 문서가 담긴 유심이 낱낱이 해킹됐다는 불안에 SKT에서 KT로 옮기려 했지만, 위약금이 40만원이나 책정돼 망설이고 있다”며 “회사의 과실을 소비자가 감당해야 하는 현실이 안타깝다”고 말했다. 실제로 약정 기간 도중 타 통신사로 이동한 김지섭(25·춘천 효자동)씨는 “10만원의 위약금을 내고 통신사를 변경했다”며 “유심 교체 순번을 기다리는 것보다 더 빨리 취할 수 있는 안전조치라고 판단해 아깝지만 어쩔 수 없었다”고 털어놨다.\nSKT의 이용 약관에 따르면 약정 기간을 설정하고 보조금을 지급받은 이용자가 ‘회사의 귀책사유로 해지할 경우’ 위약금이 면제된다. 하지만 유영상 SKT 대표는 최근 열린 국회 과학기술정보방송통신위원회 청문회에서 “아직 위약금 면제에 대한 결론을 내지 못했다”며 “사업자에 심각한 피해가 될 수 있어 결정에 어려움이 있다”고 밝혔다. SKT는 위약금을 전면 면제할 경우 한 달 기준 최대 500만 가입자 이탈, 3년간 7조원 이상의 손실이 발생할 것으로 내다봤다. 위약금 면제를 결정할 경우 이용자 이탈 속도가 가속화될 것을 우려하는 분위기다.\n유상임 과학기술정보통신부 장관은 “위약금 문제가 SKT에게는 사운이 걸릴 정도의 큰 문제일 수 있기 때문에 신중하게 접근하고 있다”며 “위약금 면제 여부는 6월 말께 결정될 것으로 보인다”고 밝혔다. 이어 “혹시 모를 2차 피해 방지를 위해 피싱 사이트를 신속 차단하고 모니터링을 강화하고 있으며, 경찰청과도 정보를 공유해 단속을 강화하고 있다”고 덧붙였다.', 0, 'https://www.bigkinds.or.kr/resources/images/01300201/2025/05/12/01300201.20250512000150001.01.jpg', '2025-05-12'),
(16, '487d0e47-2a75-4946-be76-ef593df9a286', '미 상무 "기본관세 10% 밑으로 안 내려가지만 일부 품목 무관세 가능"', '신웅진', '하워드 러트닉 미국 상무장관은 도널드 트럼프 대통령이 설정한 무역 상대국에 대한 10%의 기본 관세를 낮추지 않겠지만 국가별 협상에서 일부 무관세가 적용될 수 있다고 밝혔습니다.\n러트닉 장관은 CNN과의 인터뷰에서 "기본관세는 10% 아래로 내려가지 않을 것이다. 그건 우리가 갈 수 없는 지점"이라고 말했습니다.\n다만 "국가별로 상대국의 특정 문제들을 해결할 것"이라며 "예컨대 철강과 알루미늄, 항공기 부품의 경우 관세 없이 수입될 수 있다고 말했다"고 했습니다.\n이는 지난 8일 영국과의 무역 합의를 언급한 것으로, 이에 따르면 미국은 영국산 철강·알루미늄에 대한 25% 관세를 폐지하고, 영국이 100억 달러 규모의 미국 보잉사 항공기 구매 조건으로 영국 롤스로이스사의 항공기 엔진 부품에 대한 관세를 면제하기로 했습니다.\n러트닉 장관은 "이는 얼마나 우리가 유연하게 대응하고, 국가별로 매우 똑똑하게 하는지를 보여주는 사례"라고 주장했습니다.', 0, NULL, '2025-05-11'),
(17, '96fe8236-d344-4dc7-9157-087fb0220e48', '코레일, 기차역 노숙인 104명 자립 재활 지원', '김지윤 기자', '한국철도공사(코레일)가 전국 기차역 노숙인 104명의 자립을 돕는 ''2025년도 노숙인일자리 제공사업''을 펼친다고 11일 밝혔다.\n대상 역과 인원은 서울 18명, 영등표 16명, 청량리와 수원, 대전이 각각 10명, 의정부와 천안 각각 8명, 모란·대구·부산·구포 각각 6명이다.\n노숙인들은 6개월 동안 역 광장 환경미화와 노숙인 계도 관련 업무 등에 참여하고, 하루 3시간씩 월 60시간 일하면서 소정의 급여를 받게 된다.\n코레일은 지난 2012년부터 전국 지자체, 노숙인지원센터와 함께 자활의지가 높은 노숙인을 선발해 일자리를 지원하는 사회공헌 사업을 해오고 있다.\n코레일은 일거리와 사업비용을 지원하고, 지자체는 주거비, 생활용품 제공과 자활 프로그램 운영을 맡았다. 노숙인지원센터는 근로자 선발과 사업운영, 취업지원 등을 담당한다.\n그간 총 802개의 일자리를 창출하고 1247명에게 자립 기회를 제공한 바 있다. 참가자의 29.7%인 370명은 프로그램 종료 후에도 코레일 계열사나 지자체 공공근로 등에 취업하기도 했다.\n차성열 코레일 여객사업본부장은 "노숙인의 자립과 사회 복귀를 돕는 체계적 지원으로 공기업으로서의 사회적 책임을 다하겠다"고 밝혔다.', 0, 'https://www.bigkinds.or.kr/resources/images/01400351/2025/05/11/01400351.20250511220331001.01.jpg', '2025-05-11'),
(18, 'c2503ffa-f100-40af-aeb7-47354384ce9b', '한솔홀딩스, 한솔피엔에스 지분 15.86% 공개매수 추진', '홍순빈 기자(hong.soonbin@mk.co.kr)', '범삼성 일가인 한솔그룹의 지주사 한솔홀딩스가 자회사 한솔피엔에스 잔여주식 15.86%에 대한 공개매수에 나선다.\n지난 3월31일부터 4월30일 실시한 1차 공개매수에서 취득한 물량 외 나머지 주식을 사들여 상장폐지하겠다는 취지에서 추진되는 것으로 전해졌다.\n11일 투자은행(IB) 업계에 따르면 한솔홀딩스는 한솔피엔에스 주식 326만290주(15.86%)에 대한 공개매수를 실시할 예정인 것으로 알려졌다.\n공개매수 가격은 1주당 1900원으로 지난 9일 종가인 1883원보다 17원 높다.\n이번 공개매수의 전체 규모는 약 61억9455만원으로 추산된다.\n공개매수 기간은 5월12일부터 6월22일까지로, 총 22일간 진행된다.\nNH투자증권이 공개매수를 담당할 것으로 알려졌다.\n이번 공개매수에 성공하게 되면 한솔홀딩스의 한솔피엔에스 지분율은 기존 84.14%서 100%로 올라가게 된다.\n앞서 한솔홀딩스는 자발적 상장폐지 목적으로 지난 3월31일부터 4월30일까지 한솔피엔에스의 1차 공개매수를 진행했다.\n인수 대상 주식 1105만2677주 중 780만2387주를 획득했고, 1주당 1900원으로 진행됐다.\n한솔그룹 측은 “한솔피엔에스의 최대주주로서 이번 공개매수를 통해 공개 매수자가 보유하고 있지 않은 한솔피엔에스의 잔여 유통주식 전부를 취득하고 자발적인 상장폐지를 신청하고자 한다”고 했다.\n이어 “상장폐지로 인한 투자자 보호를 위해 1차 공개매수 금액과 동일한 공개매수 금액으로 투자금을 회수할 수 있는 기회를 제공하려고 한다”고 했다.\n한솔홀딩스가 한솔피엔에스를 상장폐지하기 위해선 유가증권시장에 상장된 한솔피엔에스 지분 95% 이상을 확보해야 한다.\n한솔그룹은 1993년 삼성그룹에서 분리된 곳이다.\n조동길 한솔그룹 회장은 고(故) 이병철 삼성 창업회장의 장녀인 고 이인희 전 한솔그룹 고문의 삼남으로, 이 고문을 이어 2002년 한솔그룹 회장에 올랐다.\n현재 한솔그룹은 총 50개 회사를 거느리고 있는 중견그룹으로, 한솔홀딩스를 비롯해 한솔제지, 한솔홈테크 등 10개 상장사를 거느리고 있다.\n이번에 상장폐지를 추진하는 한솔피엔에스는 한솔그룹의 시스템통합(SI) 계열사로서 기존 IT서비스업을 넘어 지류유통쪽으로 사업을 확대하며 인수합병(M&A)으로 사업 다각화를 하는 계열사다.', 0, 'https://www.bigkinds.or.kr/resources/images/02100101/2025/05/11/02100101.20250511220510001.01.png', '2025-05-11'),
(19, '597fd2b6-841e-4f52-bec0-decff66e92e6', '추락하는 한국경제...1분기 성장률 19개국 중 ''꼴찌''', '류환홍', '[앵커]\n세계 13위 경제 대국인 우리나라가 지난 1분기에 ''-0.2% 성장''이란 초라한 성적표를 받아들었습니다.\n지금까지 성장률이 발표된 19개국 중 최하위였는데, 2차 추가경정예산이나 금리 인하 등 특단의 대책이 없이는 올해 1% 성장도 어려울 것으로 보입니다.\n류환홍 기자가 보도합니다.\n[기자]\n비상계엄에 이은 탄핵정국과 그에 따른 정치적 혼란상이 장기간 내수 침체로 활력을 잃은 한국 경제를 뒷걸음질 치게 만들었습니다.\n한국은행이 지난달 발표한 올해 1분기 우리나라 실질 GDP 성장률은 예상치 0.2%가 아닌 -0.2%로 추락했습니다.\n지금까지 1분기 성장률을 공개한 19개 국가와 비교했더니 19위로 최하위였습니다.\n역성장을 한 국가가 3나라였는데, 우리나라는 그중에서도 맨 꼴찌였고, 일본도 -0.1%로 추정되는데, 우리나라보다는 위입니다.\n지난해 1분기만 해도 우리나라 경제성장률은 주요 37개국 중 6위였는데, 2분기 이후 하위권으로 추락했고, 올해 1분기는 최하위권이 될 것으로 전망됩니다.\n[이동원 / 한국은행 경제통계2국장 : 정치적 불확실성 정도가 이전 경험에 비해서 되게 컸고요. 그 기간도 매우 길었고요. 그다음에 이제 3월로 오면서 미국 관세정책 예고에 따른 또 대외 불확실성이 커지면서 그런 상황에서 또 예상치 못한 (대형 산불 등) 이런 사건들이 터지면서…]\n지난해 2분기 이후 우리나라 경제성장률은 4분기 연속 0% 언저리에 머물고 있습니다.\n올해 연간 성장률도 당초 예상인 1.5%가 아닌 0%대가 되리란 전망이 유력합니다.\n이에 따라 6월 3일 대선 이후 새 정부가 출범하면 추가경정예산 편성이 불가피하며, 한국은행의 기준금리 인하 속도가 빨라질 것이란 기대가 커지고 있습니다.', 0, 'https://www.bigkinds.or.kr/resources/images/08100401/2025/05/11/08100401.20250511221201001.01.jpg', '2025-05-11'),
(20, 'c508c5fb-5556-41b5-aaa8-01901a011622', '360만원 저축하면 나라가 1440만원 얹어준다 ‘대박’', '홍수현', '[이데일리 홍수현 기자] 3년 간 360만 원을 저축했을 때 1440만 원과 적금 이자를 받게 되는 파격적인 청년 자산 형성 지원사업이 시행된다.\n(사진=게티이미지)11일 서울 마포구는 이달 21일까지 ‘청년내일저축계좌’ 신규 가입자를 모집한다고 밝혔다.\n청년내일저축계좌는 일하는 저소득 청년의 경제적 자립과 안정적인 자산 마련을 돕기 위해 저축액의 최대 3배를 적립해주는 자산 형성 지원사업이다.\n지원 대상은 기준 중위소득 50~100%에 해당하는 19세부터 34세까지의 일하는 청년이다.\n매월 10~50만원을 저축하면 월 10만원의 정부지원금을 지원한다. 3년 만기 시(본인 저축금이 360만원일 때) 총 720만원의 적립금과 적금 이자를 받는다.\n기준 중위소득 50% 이하인 기초생활수급자와 차상위계층은 15세부터 39세까지 인정하며, 정부지원금은 월 30만 원으로 늘어난다.\n이에 따라 3년 후 만기 시 총 1440만 원(본인 저축금 360만 원일 때)과 적금 이자를 받게 된다.\n정부지원금을 받기 위해서는 3년간 꾸준한 근로활동과 본인 적립금을 내야 한다. 또 자립 역량 교육 10시간 이수 등의 요건을 충족해야 한다.\n정부지원금을 받기 위한 소득 상한도 기존 230만 원에서 250만 원 이하(월급 기준)로 완화됐다. 구 관계자는 “마포구의 신청자 수는 2023년 990명, 2024년 1,688명이었으며 올해는 더 증가할 것으로 기대하고 있다”라고 말했다.\n청년내일저축계좌에 관한 자세한 사항은 마포구 실뿌리복지과 또는 자산형성지원 콜센터, 보건복지상담센터로 문의하면 된다.\n신청은 복지로 누리집이나 주소지 시군구 동주민센터에서 가능하다.\n박강수 마포구청장은 “청년내일저축계좌는 자산형성에 어려움을 겪는 청년들에게 실질적인 도움이 될 수 있는 제도”라며 “이번 사업으로 청년들이 자신의 미래를 주도적으로 설계하고 적극적으로 추진해나갈 수 있길 바란다”고 말했다.', 0, 'https://www.bigkinds.or.kr/resources/images/04101008/2025/05/11/04101008.20250511222100001.01.jpg', '2025-05-11'),
(21, 'f419c0d1-c027-4c56-8609-f066d5ee1903', '일본군 위안부 피해자 이옥선 할머니 별세...생존자 6명 뿐', '이종원', '일본군 위안부 피해자인 이옥선 할머니가 건강 악화로 어제(11일) 별세했습니다.\n이 할머니는 향년 97세로, 경기 광주 나눔의집에서 생활하다 건강 문제로 지난해 3월부터 성남에 있는 요양병원에서 지내왔습니다.\n부산 출신인 이 할머니는 14살 때 중국으로 끌려가 3년 동안 일본군 위안부로 고초를 겪었고, 해방 후에도 중국에 머물다가 2000년에 귀국해 국적을 회복했습니다.\n일본군 위안부 피해자로 등록된 이후에는 수요시위 참석과 해외 증언 등을 통해 참상을 국내외에 알려왔고 일본의 공식 사죄를 촉구해왔습니다.\n이 할머니 별세로 정부에 등록된 일본군 위안부 피해자 가운데 생존자는 6명으로 줄었습니다.', 0, NULL, '2025-05-12'),
(22, '928eb916-7949-401c-b3f1-e14670d32304', '러시아 전승절 열병식 나란히 앉은 시진핑 푸틴', NULL, '지난 9일(현지시간) 러시아 모스크바 붉은광장에서 열린 전승절 80주년 열병식에서 러시아군이 큰 소리로 기합을 넣으며 행진하고 있다(위 사진). 우크라이나 전장에 지상군을 파병한 북한도 이날 행사에 고위급 대표단을 파견했다. 아래 사진은 같은 날 열병식을 참관하는 시진핑(왼쪽) 중국 국가주석이 블라디미르 푸틴(오른쪽) 러시아 대통령과 통역을 사이에 두고 대화를 나누는 모습. 전날 두 정상은 7시간 30분 동안 연쇄 회담을 갖고 20여건의 양국 협력 문서에 서명했다.', 0, NULL, '2025-05-12'),
(23, '4129df1d-6524-410f-8564-a4f513eb8c25', '절도문제 해소된 부석사 불상 남은건 약탈의 회복 "일본 답할 차례"', '임병안 기자', '부석사 금동관세음보살좌상이 약속대로 일본으로 반환되면서 이제는 약탈된 문화재에 대한 일본의 책임 있는 대응이 요구된다는 지적이다. 2012년 절도사건은 이번 반환으로 완전히 해소되면서 그보다 앞서 불상이 왜구에 의해 약탈된 정황을 대법원에서도 인정했고, 국제적 추세에서도 약탈 문화재의 반환이 속속 이뤄지기 때문이다.\n부석사가 금동관세음보살좌상을 5월 10일 일본 대마도 관음사에 반환함으로써 2012년 10월 이뤄진 절도사건은 매듭을 지었다. 불상을 훔친 일당은 형사처벌 받았고, 이와 별개로 유체동산인도 소송의 판결대로 정부는 일본 관음사에 불상을 인계해 11일 항공편으로 일본으로 이송됐다.\n특히, 국내 법원 1심부터 대법원까지 판결은 엇갈렸으나 ''왜구 약탈의 상당성''만큼은 인정했다. 대법원 1부(주심 대법관 오경미)는 유체동산인도 사건의 선고를 통해 "불상이 고려 시대 왜구에 의해 약탈당해 일본으로 불법 반출됐을 상당한 개연성이 있다는 사정만으로~"이라고 선고문에 기록했다. 화상을 입은 불상과 좌대 등 불상으로서 필수적인 구성품의 멸실 등 약탈의 증거는 명확하나, 대마도 관음사가 불상에 대한 정상적인 거래에 대한 증거는 지금껏 제시되지 않았다.\n더욱이 문화재에 대한 국제적 경향이 반출이나 거래의 정황이 확인되지 않는 약탈이 의심되는 문화재는 원래 소재지에 반환하는 추세가 뚜렷해지고 있다. 1982년 프랑스 국립도서관에서 도난당한 아스텍 달력은 1740년 멕시코에서 유럽으로 적법하게 반출되었음을 입증하지 못한 이유로 2009년 멕시코에 반환됐다. 독일은 자국 박물관에 보관 중인 옛 베닌 왕국의 약탈 문화재를 원 소속국인 나이지리아 정부에 2022년 돌려줬는데, 1897년 영국의 식민통치 시절 약탈되어 독일 예술상들에게 팔렸던 것들이다.\n박양진 충남대 고고학과 교수는 "1970년 불법 약탈 문화재의 거래와 소유권의 이전을 금지한 유네스코 협약을 각국 승인하면서, 약탈된 것으로 확인된 문화유산을 자발적으로 반환하는 게 국제적 흐름"이라며 "소급 적용되지 않고 강제력 없더라도 독일과 영국, 미국 등에서 문화유산의 취득 경위를 엄격히 따지고 있다"라고 설명했다.\n프랑스로부터 외규장각 도서를 2011년 반환 받을 때 프랑스 여론을 결정적으로 움직였던 우리의 근거는 외규장각 도서가 프랑스에서는 전혀 연구되지 않고 수장고에 처박혀 있을 때 이를 한국에 반환해 연구하고 발전시키는 것이 인류 문화유산의 발전에 보다 정당하다는 논리였다. 부석사 불상이 한국에 머무는 동안 연구논문 발표와 세미나가 활발하게 이뤄지고 100일간 4만 명이 친견했으나, 같은 기간 일본에서는 불상에 대한 연구나 학술발표가 거의 이뤄지지 않았다.\n이상근 문화유산회복재단 이사장은 10일 부석사에서 "이제는 일본이 약탈 우리 문화재를 어떻게 할 것인지 답할 차례가 됐고, 전세계는 정당한 취득을 입증하지 못한 문화재를 원래 국가에 반환하고 있다"라며 "소유를 다투는 물건이 아니라 역사와 시대가치, 희로애락이 담긴 문화유산에 대해서 일본 시민사회의 화답을 기대한다"라고 주장했다.', 0, 'https://www.bigkinds.or.kr/resources/images/01400351/2025/05/12/01400351.20250512220347001.01.jpg', '2025-05-12'),
(24, '483754c2-e8e0-491f-ada8-1d71373cdfae', '[시선2035] 체코 원전 계약 중단에서 얻은 것', '임성빈(im.soungbin@joongang.co.kr)', '체코 현지시간으로 6일, 정오가 조금 지난 점심시간이었다. 식당에 들어가 주문을 막 마친 한국 취재진이 발칵 뒤집혔다. 체코 법원의 결정으로 다음 날 예정됐던 원자력발전소 수출 계약 서명 절차가 중지됐다는 소식을 접하면서다. 식탁에서 급히 노트북을 펴고 한국으로 소식을 타전했다. 한국은 저녁 7시가 넘은 시간, 최대한 빨리 기사를 마감해야 했기에 식당엔 식기 소리와 함께 타자 소리가 울렸다.\n체코 원전 수주전에서 한국수력원자력에 패한 프랑스 전력공사(EDF)는 끈질기게 몽니를 부리고 있다. 지난해 7월 한수원이 체코와의 우선협상대상자로 선정되자 관련 절차가 불공정했다며 체코 경쟁당국에 두 차례 이의를 제기했고, 이게 모두 기각되자 법원에 소송까지 냈다. 계약 체결식 바로 전날 체코 법원은 EDF 소송이 마무리될 때까지 한수원과의 계약 서명을 멈춰야 한다는 판단을 내놨다.\n프랑스의 발목 잡기로 한수원과 체코 측은 모두 손해를 본다. 계약은 수개월 더 밀릴 수 있다. 외교적으로는 장·차관 등 대통령 특사단과 국회의원 출장단이 방문하는 행사가 직전에 불발됐으니 ‘사고’ 상황이라고 할 수 있다.\n그러나 이번 일에서 얻은 몇 가지 교훈이 있다. 우선 호락호락하지 않은 유럽 원전 시장에서 끝까지 긴장해야 한다는 점이다. 다니엘 베네시 체코전력공사(CEZ) 그룹 최고경영자(CEO)는 “프랑스는 유럽에 외부 업체가 원전을 짓지 못하도록 노력하는 것 같다”며 “(EDF가) 그렇게 로비를 하고 있다”고 말했다.\n베네시 CEO는 “소송을 당한 입장에서 EDF와 추가 협상은 없다”고 했다. 프랑스가 이처럼 자신들의 수주 가능성을 아예 지워버리면서까지 소란을 일으키는 데는 이번 판을 뒤집으려는 것보다 유럽에서의 기득권을 과시하려는 의도가 있다는 게 원전 업계 관계자의 설명이다.\n현 정부에서 찾아보기 어려웠던 ‘신중함’의 가치는 되찾아야 한다. 정부는 EDF가 체코 법원에 소송을 제기한 ‘법적 리스크’를 인지하고 있었다. 체코 정부가 앞서 EDF의 이의 제기를 기각했다는 점만 믿고 방심했다는 비판을 피하기 어렵다.\n국익을 위해 정치권이 하나로 모이는 의지는 이어가야 한다. 이번 체코 방문에 여러 당 국회의원이 동행한 것에 대해 안덕근 산업통상자원부 장관은 “우리가 초당적으로 이 사업에 확신을 갖고 있다는 의지를 체코에 보여주는 게 필요했다”며 “(어려운 정치 상황에도) 여러 당이 힘을 모아 왔다는 게 고맙다”고 했다.\n체코에서 만난 하나 자코바 상원의원은 “끝까지 최선의 노력을 하는 한국에 크게 감동했다”며 “한국 원전이 성공적으로 완공될 것을 진심으로 믿는다”고 했다. 정말 그렇게 되기를 바란다.', 0, 'https://www.bigkinds.or.kr/resources/images/01100901/2025/05/12/01100901.20250512000308001.01.jpg', '2025-05-12'),
(25, 'c68ffe93-a77f-46f3-8dfd-6c9ceac5d301', '약 먹고 벌크업한 숙주, 달콤해진 두리안 베트남 먹을거리 비상[사이공모닝]', '이미지 기자', '6년 전 처음 베트남에 발을 디뎠습니다. 그야말로 우당탕탕거리며 베트남 구석구석을 휘젓고 다니는 게 취미입니다. <두 얼굴의 베트남-뜻밖의 기회와 낯선 위험의 비즈니스>라는 책도 썼지요. 우리에게 ‘사이공’으로 익숙한 베트남 호찌민에서 오토바이 소음을 들으며 맞는 아침을 좋아했습니다. ‘사이공 모닝’을 통해 제가 좋아하던 베트남의 이모저모를 들려드리려 합니다.\n최근 베트남에서 ‘먹을거리’의 벌크업이 문제가 됐습니다. 무슨 소리냐고요? 젊은 층 사이에 유행했던 ‘벌크업’ 즉, 몸을 키우는 유행(?)이 베트남 숙주에도 나타난 겁니다. 숙주는 베트남에서 흔히 먹는 식재료, 이 숙주를 벌크업 시키기 위해 약품을 사용한 생산업자들이 잇달아 적발됐습니다. 생산업자들은 “숙주를 약품에 담가 놓으면 잔뿌리가 적어지고, 숙주 몸통이 통통해진다고 해 사용했다”고 말했습니다. 잔털 없이 굵은 몸집으로 키우기 위해 약품을 사용했다는 것이지요.\n베트남에선 비상이 걸렸습니다. 숙주를 데쳐 나물로 먹거나 볶아 먹는 우리나라와 달리 베트남에서는 생 숙주를 쌀국수에 넣어 먹거든요. 작년부터 잇달아 적발된 ‘벌크업 숙주’에 쌀국수 먹기 겁난다는 사람들이 많아졌습니다.\n숙주뿐만이 아닙니다. 약품으로 당도를 높인 과 맹탕인 기능성 분유, 무허가로 만들어 이름만 바꾼 식용유와 조미료, 관절약까지 적발됐습니다. 베트남 먹을거리에 비상이 걸린 겁니다.\n◇약에 취한 숙주·두리안\n약품에 절여진 숙주가 적발된 것은 이번이 처음이 아닙니다. 작년 말에는 2020년부터 4년간 약품에 담근 숙주 2900톤을 팔아온 닥락성과 꽝응아이 지역의 업장 6곳이 적발됐습니다. 이들이 숙주를 키우기 위해 사용한 약물은 6-벤질아미노퓨린(6-BAP 또는 벤질아데닌). 식물 생장과 세포 분열을 촉진하는 사이토키닌 계열의 합성 호르몬으로 원예나 조직 배양에는 쓸 수 있지만 장기 복용할 경우 폐섬유증이나 선천성 기형, 저체중 출산 같은 부작용이 있어 식품 제조에 사용하는 건 금지되어 있습니다. 하지만 이들은 이 약품으로 키운 숙주를 매일 8~10톤씩 인근 지역에 판매해왔다고 진술했습니다.\n더 화가 나는 것은 이들 중 한 업체가 숙주 포장지에 ‘화학물질 없음’ ‘촉진제 미사용’ ‘보존제 무첨가’ 같은 문구를 새겨 팔았다는 것입니다. 유해 물질이 없다고 안심하며 산 고객을 속인 겁니다. 이 문구를 보고 값을 더 비싸게 치른 손님이 있을 수도 있고요.\n실제로 작년, 닥락성에서는 숙주를 먹은 35세 여성이 구토와 호흡 곤란 증세로 병원에 긴급 이송됐다가 이틀 뒤 폐섬유화 증세로 사망했습니다. 경찰은 이 여성이 먹은 숙주에서 6-벤질아미노퓨린 성분이 검출됐다고 밝혔습니다.\n이번에 적발된 업체들은 응에안성 지역에서 숙주를 생산해 왔습니다. 이들은 작년부터 3500톤의 숙주를 약품을 사용해 키워 왔다고 했습니다. 작년에 적발된 업체들보다 더 많은 규모이죠.\n꼬리꼬리한 냄새와 달리 부드럽고 달콤한 맛으로 인기가 많은 두리안도 불법 약물을 복용한 혐의(?)를 받고 있습니다. 베트남 중부 닥락성 경찰이 태국에서 두리안 숙성·보존 약품을 밀수해 유통한 남성 2명을 붙잡은 겁니다. 이들은 2023년부터 2024년 사이 97억동 규모의 두리안 숙성 물질을 밀수한 것으로 알려졌습니다. 두리안을 빠르게 숙성시켜 부드럽고 달콤하게 만드는 이 약품은 암을 유발할 위험이 높아 사용이 금지된 물질입니다.\n한동안 베트남 두리안을 싹쓸이해가며 가격을 올리던 중국과 캄보디아 등이 베트남 두리안 수입을 제한하면서 베트남 두리안 가격은 10년 만에 가장 낮은 수준까지 떨어졌습니다. 1키로에 3만동 수준으로, 남부 지역인 메콩 델타 지역에서는 아기 머리보다 큰 두리안을 5만~7만5000동에도 살 수 있지요. 하지만 이런 두리안들은 채 익기 전에 낙과했거나 수출 과정에서 부적합 판정을 받은 과일일 확률이 큽니다. 싸다고 함부로 먹었다간 큰일 나지요.\n◇건강 식품도 맹탕?\n숙주와 두리안뿐이 아닙니다. 최근 베트남에서는 당뇨병 환자와 신장 질환자, 미숙아 등을 대상으로 비싸게 판매했던 ‘기능성 분유’가 사실은 가짜였다는 게 밝혀져 또다시 파문이 일었습니다. 동충하초, 연꽃씨, 제비집과 호두 등이 들어간 고급 분유라며 유명인까지 동원해 팔았던 분유에 이런 기능성 원료가 들어있지 않았다는 거죠. 4년간 5000억동(약 270억원)어치나 팔아치웠다고 합니다.\n‘한 알로 채소 한 접시를 섭취할 수 있다’며 판매했던 야채 사탕도 가짜였습니다. 야채 분말 함량이 터무니없이 적고, 미국 식품의약국(FDA) 등에서 받았다는 인증도 가짜였지요. 해외에 페이퍼 컴퍼니를 만든 뒤 ‘해외에서 직접 들여온 관절약’이라며 약을 판매해 온 일당도 붙잡혔습니다. 작년 6월에는 한국 업체의 우황청심원과 삼성 장수환을 그대로 베껴 만든 대규모 공장도 적발됐지요. 제품 사용 설명서와 자동 포장 기계까지 조직적으로 위조 제품을 생산했습니다.\n이쯤 되니 좀 화가 납니다. 아픈 아이나 부모의 건강을 기원하며 산 제품이 사실은 아무 효능 없는 제품이었단 말일 테니까요. 아이나 임산부, 고령자 등에게 검증되지 않은 제품을 먹여 도리어 건강을 악화시킨 건 아닐까 걱정하는 사람도 있을 겁니다. 대체 왜 이런 짓을 하는 걸까요? 이해할 수 없습니다.\n◇가짜 산업도 하나의 성장통일까\n‘가짜 비즈니스’가 성업하는 베트남을 보니 떠오르는 나라가 있습니다. 바로, 중국입니다. 베트남 내에서도 얼마 하지 않는 숙주부터 값비싼 우황청심환 같은 제품까지 굳이 불법 유통하는 모습을 보니 진짜로 비슷해 보입니다. 계란 한 알까지 가짜로 만들던 중국이 불과 십수 년 전 이야기니까요.\n경제 성장이 이뤄지는 국가에서는 이런 가짜 비즈니스의 유혹이 강한가 봅니다. 도심 지역이 먼저 발전하면서 이들의 소비는 급격히 늘어나고, 아직 발전이 덜 이뤄진 시골 지역은 저렴한 인건비와 재료비를 이용해 물건을 만들어 팝니다. 값싼 인건비와 재료를 이용해 ‘가짜 사치재’를 만들면 그 수익은 더 커지니 ‘가짜 비즈니스’가 성업하는 거지요. 물론, 사치재가 아닌 제품도 가짜를 만들어 팝니다. 중국에서도 가짜 마늘과 호두가 등장했었지요.\n아직 식품 위생 등에 대한 경각심이 크지 않은 데다 상표권 등에 대한 인식도 미비하다는 핑계를 댈 수도 있을 겁니다. 아직 이를 적발해내는 시스템이 제대로 작동하지 않는다는 것도 문제가 되겠지요. 그런데 제가 자주 하는 말이 있습니다. ‘다 먹고살자고 하는 짓’이라는 말입니다. 다들 먹고살자고 힘든 세상 살고 있는 건데, 굳이 먹을거에 장난을 쳐야 할까요?\n다행히 베트남 정부가 최근 가짜 식품 적발에 적극적으로 나서고 있습니다. 응우옌 도안 티 국가 부주석이 가짜 분유 사건을 두고 “대체 어느 부처가 관리를 해야 하느냐”고 비판한 만큼 불법·가짜 식품에 대한 시스템 정비도 이뤄질 거라 예상합니다. 먹을거리 가득한 베트남 식탁에서 불안이 빠르게 거둬지길 바라봅니다.', 0, 'https://www.bigkinds.or.kr/resources/images/01100801/2025/05/12/01100801.20250512000602001.01.jpg', '2025-05-12'),
(26, 'f1c4422a-c5cd-43f4-b15f-b7dc6b42ad88', '[사설] 美中 제네바 관세 협상 차분히 주시하면서 치밀한 전략 세워라', '논설위원실', '미국이 영국과의 협상 타결에 이어 중국과도 고위급 회담을 갖는 등 관세 협상 속도를 높이고 있다. 스콧 베선트 미국 재무부 장관과 허리펑 중국 국무원 부총리는 10일 스위스 제네바에서 만나 관세 인하 방안을 놓고 협의했다. 도널드 트럼프 미국 대통령 취임 후 상대국에 고율 관세를 부과하며 맞대결을 벌여온 미국과 중국이 협상 테이블에 앉은 것은 처음이다. 트럼프 대통령은 “(미중 무역 관계의) 전면적 재조정 논의가 진행됐다”면서 “커다란 진전이 이뤄졌다”고 강조했다. 양국의 입장 차이가 좁혀질 가능성을 시사한 것이다.\n미국은 8일 가장 먼저 영국과 무역 협상을 타결했다. 영국이 미국산 소고기 관세를 없애고 미국 항공기 구매를 약속한 대신 미국은 연간 10만 대 한도 내에서 영국산 자동차 관세를 인하하고 철강·알루미늄 관세를 철폐하기로 했다. 영국이 한국과 달리 대미 무역 적자국이라는 점에서 직접 비교하기는 힘들지만 미영 합의는 협상 가이드라인을 제시했다는 점에서 주목된다. 트럼프 행정부가 미국 제품 구매 등 자신들의 희망 사항을 상대국이 들어주면 관세 대폭 조정에 나설 수 있음을 보여줬기 때문이다. 미중 협상과 관련해서도 뉴욕포스트는 “미국 정부가 대중 관세율을 145%에서 50%대로 낮추는 안을 내부에서 논의하고 있다”고 보도했다.\n트럼프 대통령은 관세 전쟁으로 미국 내 물가 상승 압력이 높아지고 글로벌 경제의 불안감이 커지자 무역 협상 조기 타결을 시도하고 있다. 한국과의 협상을 곧 타결할 수 있다는 언급도 하고 있다. 15~16일 방한하는 제이미슨 그리어 미국 무역대표부(USTR) 대표가 미국 측의 구체적 요구를 한국에 제시하고 협상 일정을 조율할 것이라는 전망도 나온다. 미국과의 관세 협의에 적극 임하되 트럼프의 속도전에 휘말리지 말고 차분하게 대응해야 한다. 일본도 미국과의 관세 합의 시점을 7월 초로 늦추는 방침을 세운 것으로 알려졌다. 우리도 미국과 주요국의 협상 동향을 주시하면서 ‘국익 최우선’ 전략을 치밀하게 세워야 한다. 6·3 대선 전까지는 협상의 기본 틀을 잡는 데 주력하고 대선 후 새 정부가 최종 협상 타결을 주도하도록 해야 할 것이다.', 0, 'https://www.bigkinds.or.kr/resources/images/02100311/2025/05/12/02100311.20250512000828001.01.jpg', '2025-05-12');

INSERT INTO domain (domain_id, domain, news_id) VALUES
('1', '사회', 1),
('2', '사회', 2),
('3', '사회', 3),
('4', '사회', 4),
('5', '사회', 5),
('6', '정치', 6),
('7', '정치', 7),
('8', '정치', 8),
('9', '정치', 9),
('10', '정치', 10),
('11', 'IT_과학', 11),
('12', 'IT_과학', 12),
('13', 'IT_과학', 13),
('14', 'IT_과학', 14),
('15', 'IT_과학', 15),
('16', '경제', 16),
('17', '경제', 17),
('18', '경제', 18),
('19', '경제', 19),
('20', '경제', 20),
('21', '국제', 21),
('22', '국제', 22),
('23', '국제', 23),
('24', '국제', 24),
('25', '국제', 25),
('26', '국제', 26);

INSERT INTO word (word_id, word, definition, sentence, level, news_id) VALUES
(1, '선입견', '사람이나 사물에 대해 미리 갖고 있는 고정된 관념이나 편견.', '많은 사람들은 새로운 것을 접하기 전에 선입견을 가지기 쉽습니다.', 'LOW', 1),
(2, '담임교사', '한 학교에서 학생들의 학급을 담당하여 지도, 보호하는 선생님.', '담임교사는 학생들이 학교생활을 잘 할 수 있도록 돕는 역할을 합니다.', 'LOW', 1),
(3, '심리상담', '마음의 고통이나 문제를 해결하기 위해 심리학적으로 상담을 받는 것.', '많은 사람들은 스트레스를 받을 때 심리상담을 받기도 합니다.', 'LOW', 1),
(4, '학폭', '학교 폭력의 줄임말로, 학교 내에서 학생들 사이에 발생하는 폭력을 지칭한다.', '최근 학폭 예방을 위한 다양한 프로그램이 도입되고 있다.', 'HIGH', 1),
(5, '보호자', '학생이나 미성년자를 돌보거나 책임을 맡고 있는 성인이나 부모.', '학생의 행동 문제에 대해 보호자는 교사와의 협력 관계를 유지하는 것이 중요하다.', 'HIGH', 1),
(6, '재발 방지', '어떤 문제가 다시 발생하는 것을 막기 위한 조치나 활동.', '학교에서는 폭력 사태의 재발 방지를 위해 관계 회복 프로그램을 운영하고 있다.', 'HIGH', 1),
(7, '부양비', '부양비는 자녀나 가족을 경제적으로 지원하는 비용을 말합니다.', '대학생 자녀에게 쓰는 월평균 부양비는 92만원에 육박한 것으로 조사됐다.', 'LOW', 5),
(8, '육박하다', '어떤 수치나 수준에 거의 다다르거나 근접하게 된다는 뜻입니다.', '대학생 자녀에게 쓰는 월평균 부양비는 92만원에 육박한 것으로 조사됐다.', 'LOW', 5),
(9, '진입', '어떤 장소나 상태에 들어가는 것을 의미합니다.', '보고서는 “성인 자녀의 노동시장 진입·안착의 지연 등으로 특정한 주거형태가 강요되고 가족 부담이 커지는 상황이 발생하지 않는지 면밀한 관찰이 이루어져야 한다”고 지적했다.', 'LOW', 5),
(10, '통상임금', '통상임금이란 근로자가 소정의 근로를 제공한 대가로 정기적이고 일률적이며 고정적으로 지급받는 임금으로, 연장∙야간∙휴일근로 수당 산정의 기준이 되는 임금을 말한다.', '대법원의 판결에 따라 조건부 정기상여금도 통상임금에 포함됨으로써 노사 간 갈등의 원인이 되고 있다.', 'HIGH', 2),
(11, '소급효', '법적 규정이 과거의 상태에 대해서도 효력을 가지는 것을 말한다. 주로 새로운 법령이나 판결 등이 이전 시점에 발생한 상황에 영향을 미칠 때 사용된다.', '대법원은 노사 혼란을 우려해 통상임금 판결의 소급효를 제한했지만, 관련 소송도 잇따르고 있다.', 'HIGH', 2),
(12, '준법투쟁', '법과 규정을 엄격히 지켜 업무 지연을 유도하는 쟁의행위로, 주로 노동조합이 투쟁의 일환으로 사용하는 방법이다.', '서울 시내버스노조는 준법투쟁에 돌입하여 사측과의 갈등을 표출하고 있다.', 'HIGH', 2),
(13, '갑질', '권력 또는 지위를 이용하여 아랫사람을 괴롭히거나 부당한 이득을 취하는 행위.', '그는 회사 내에서 자신의 위치를 이용해 지속적으로 갑질을 해왔다.', 'HIGH', 3),
(14, '교비회계', '학교에서 교육 활동에 필요한 자금을 관리하고 집행하는 회계 시스템.', '교비회계 집행 관련 부정으로 인해 몇몇 교직원들이 징계를 받았다.', 'HIGH', 3),
(15, '비위', '권력을 남용하여 저지르는 부정한 행위나 범죄.', '도교육청의 감사 결과 강원학원에서 다수의 비위 행위가 확인되었다.', 'HIGH', 3),
(16, '유예', '특정한 사항을 나중으로 미뤄 두거나 잠시 멈추는 것.', '경제 상황이 어려워지면서 많은 사람들이 세금 유예를 요청하고 있다.', 'LOW', 4),
(17, '권리행사방해', '다른 사람의 정당한 권리 행사를 방해하는 행위.', '그는 상대방의 계약 권리행사를 방해한 혐의로 재판에 넘겨졌다.', 'LOW', 4),
(18, '제적', '학교에서 학적을 취소하여 학생의 자격을 없앰.', '그 학생은 규정을 여러 번 어겨 결국 학교에서 제적당했다.', 'LOW', 4),
(19, '제적', '학생의 이름을 학교 등록부나 명단에서 지우는 것, 즉 학교에서 퇴출시키는 조치.', '대학교의 규정에 따라 잦은 결석이나 성적 미달로 인해 학생이 제적 처분을 받을 수 있다.', 'HIGH', 4),
(20, '성적경고', '학업 성적이 일정 수준에 미치지 못한 학생에게 경고를 주는 제도.', '성적경고를 받으면 별도의 학습 계획을 세워 성적을 향상시킬 필요가 있다.', 'HIGH', 4),
(21, '직권남용 권리행사방해죄', '공무원이 직권을 남용하여 사람으로 하여금 의무 없는 일을 하게 하거나 권리 행사를 방해하는 행위에 대한 죄.', '공무원이 자신의 권한을 초과하여 타인의 권리 행사를 방해할 경우 직권남용 권리행사방해죄로 처벌받을 수 있다.', 'HIGH', 4),
(22, '갑질', '사회적 신분이나 지위를 이용해 다른 사람에게 부당한 대우를 하는 행위.', '그 회사의 관리자들은 종종 직원들에게 갑질을 했다.', 'LOW', 3),
(23, '비위', '부도덕하고 불법적인 행위.', '회사의 비위 행위가 언론에 의해 폭로되었다.', 'LOW', 3),
(24, '징계', '잘못된 행동에 대해 벌을 주는 것.', '그 직원은 회사 규정을 위반하여 징계를 받았다.', 'LOW', 3),
(25, '판례', '법원에서 이미 행한 판결의 예. 다른 사건에서 법원의 판단에 영향을 줄 수 있는 판결이다.', '법원은 이전의 판례에 근거하여 새로운 사건을 심사할 수 있다.', 'LOW', 2),
(26, '통상임금', '근로자에게 매월 정기적이고 일률적으로 지급하는 임금으로 초과근로수당 등의 기준이 된다.', '통상임금을 기준으로 연장근로 수당을 계산할 때 변화가 생겼다.', 'LOW', 2),
(27, '소급효', '어떤 법이나 규칙이 지금부터 과거까지 영향을 미치는 것.', '대법원은 소급효 문제를 우려하여 판결의 적용 시점을 제한했다.', 'LOW', 2),
(28, '인구행동 심층 조사', '주로 인구의 행동과 관련된 요소들을 심층적으로 연구하기 위해 실시하는 조사. 이는 인구학적 특성, 사회적 행동, 소비 패턴 등 다양한 요소를 포함할 수 있다.', '이번 조사는 보건사회연구원이 3년 주기로 실시하는 인구행동 심층 조사의 일부다.', 'HIGH', 5),
(29, '노동시장 진입·안착', '노동시장에 새롭게 참여하거나 진입한 근로자가 안정적으로 직업에 적응하고 지속하는 과정.', '성인 자녀의 노동시장 진입·안착의 지연 등으로 특정한 주거형태가 강요되고 가족 부담이 커지는 상황이 발생하지 않는지 면밀한 관찰이 이루어져야 한다.', 'HIGH', 5),
(30, '가족과 출산 조사', '가족 구조, 출산 및 양육과 관련한 사회적 변화를 분석하기 위해 실시하는 조사. 이는 가족의 형태, 출산율, 양육비용 등에 대한 데이터를 포함한다.', '11일 한국보건사회연구원의 ‘2024년도 가족과 출산 조사’ 보고서에 따르면 자녀 유무나 혼인 상태와 관계없이 9639명을 대상으로 조사한 결과 51%는 ‘대학 졸업할 때까지’ 자녀를 경제적으로 지원해야 한다고 응답했다.', 'HIGH', 5),
(31, '중앙선거관리위원회', '중앙선거관리위원회는 대한민국의 중앙행정부에 속하는 행정위원회로, 선거가 공정하고 투명하게 진행될 수 있도록 관리하는 역할을 담당한다.', '김문수 후보는 중앙선거관리위원회에 정식 등록을 마치고 본격적인 선거운동을 시작했습니다.', 'HIGH', 6),
(32, '단일화', '정치에서 단일화는 각기 다른 후보가 합의하여 단일한 후보로 나서는 과정을 뜻하며, 주로 정치적인 효율성을 높이기 위해 이루어진다.', '김문수 후보는 한덕수 전 총리와의 후보 단일화 시도 과정에서 불거진 내홍을 수습하려 했습니다.', 'HIGH', 6),
(33, '비상대책위원회', '비상대책위원회는 위기 상황에서 문제를 해결하기 위한 특별한 의사결정 기구로, 특정 조직 내에서 빠르게 전략적 결정을 내리기 위해 구성된다.', '권영세 의원이 비상대책위원장 자리를 스스로 내려놓은 가운데, 김문수 후보는 대선 실무를 총괄할 인사를 내정했습니다.', 'HIGH', 6),
(34, '특검법', '특별검사법의 줄임말로, 특정 사건의 수사와 기소를 위해 특별히 임명된 검사에 관한 법률이다.', '이재명 후보는 ''채 상병 사건 진상규명을 위한 특검법을 반드시 통과시키겠다고'' 약속했다.', 'HIGH', 7),
(35, '준4군 체제', '현재 3군 체제(육군, 해군, 공군)에서 추가적으로 독립적인 체제로서 해병대를 설정하여 4개의 독립된 군 체계를 구성하는 것을 의미한다.', '이 후보는 해병대를 독립적인 ''준4군 체제''로 개편하고 해병대사령관의 위상을 격상하겠다고 밝혔다.', 'HIGH', 7),
(36, '상륙작전', '해군 및 해병대가 적의 해안으로 진입하여 지상 부대의 침투를 지원하거나 적의 영토를 점령하기 위해 수행하는 작전이다.', '이 후보는 해병대 임무를 상륙작전·신속대응 전담으로 특화하겠다고 말했다.', 'HIGH', 7),
(37, '진상규명', '어떤 사건이나 문제의 실제 상황이나 원인을 명확하게 밝힘.', '그들은 문제의 진상규명을 통해 사건에 대한 이해를 높였다.', 'LOW', 7),
(38, '외압', '외부에서 가해지는 압력이나 강요.', '조직 내 외압으로 인해 내부 갈등이 발생하며 문제가 커졌다.', 'LOW', 7),
(39, '계승', '이전 세대의 전통이나 가치, 문화를 이어받아 발전시킴.', '그들은 조상의 유산을 계승하여 전통 문화를 발전시켰다.', 'LOW', 7),
(40, '내홍', '내부에서 일어나는 갈등이나 다툼', '회사의 내홍을 해결하기 위해 많은 회의를 진행했다.', 'LOW', 6),
(41, '화합', '서로 맞추어 하나로 어우러짐, 또는 그렇게 만듦', '지역 사회의 화합을 위해 다양한 행사가 열렸다.', 'LOW', 6),
(42, '봉합', '갈등이나 상처를 마무리하거나 해결하기 위한 조치', '팀 내의 불화를 봉합하는 것이 그의 첫 번째 임무였다.', 'LOW', 6),
(43, '유세', '선거에 출마한 사람이 자신을 알리고 지지를 호소하기 위해 하는 활동.', '그는 대구를 찾아 첫 유세에 나섰다.', 'LOW', 10),
(44, '영입', '어떤 사람을 자기 편으로 끌어들임.', '이 지역 보수 진영의 전·현직 거물급 인사 영입 가능성을 언급한 것이다.', 'LOW', 10),
(45, '부상', '어떤 인물이나 세력 등이 주목받고 높은 위치로 나오게 됨.', '최근 이 후보는 보수·중도층의 폭넓은 지지를 받으며 대안 정치세력으로 부상하고 있다.', 'LOW', 10),
(46, '호소', '사람에게 어떤 일을 간절히 요청하거나 청하는 것.', '윤 전 대통령은 ''국민께 드리는 호소''라는 제목으로 글을 작성했다.', 'LOW', 9),
(47, '확장', '어떤 것을 늘려서 넓히거나 크게 하는 것.', '당 입장에서는 중도 확장을 가로막는 심각한 악재라고 했다.', 'LOW', 9),
(48, '엄숙하다', '말이나 행동이 조용하고 진지하여 격식을 차린 것처럼 보이는 상태.', '양 위원장은 ''계엄에 대해 국민에게 엄숙하게 사과해야 한다''고 강조했다.', 'LOW', 9),
(49, '가시화', '보이지 않던 것이 구체적으로 드러나 보임.', '김 후보 중심 당권재편 가시화', 'LOW', 8),
(50, '부추기다', '남을 이리저리 들쏘아 어떤 행동을 하도록 유도하거나 자극하다.', '권영세 비대위원장이 김 후보를 끌어내리기 위해 황우여 전 선관위원장을 부추겼다는 요지의 주장을 폈다.', 'LOW', 8),
(51, '선전포고', '전쟁을 시작하겠다는 공식 발표.', '김 후보는 8일 아침 긴급 기자회견을 열어 당무우선권을 발동하고 지도부에 “손 떼라”고 선전포고를 했다.', 'LOW', 8),
(52, '단일화', '두 개 이상의 대립되는 세력이나 의견을 하나로 통합하는 과정.', '김 후보가 전당대회에서 대선 후보로 선출될 때만 해도 단일화 과정이 이 정도로 격랑에 빠져들 거라 예상한 이는 많지 않았다.', 'HIGH', 8),
(53, '당무우선권', '정당 내에서 특정 일이 가장 중요한 사안으로 간주되어 우선적으로 처리되어야 한다는 권한.', '김 후보는 8일 아침 긴급 기자회견을 열어 당무우선권을 발동하고 지도부에 “손 떼라”고 선전포고를 했다.', 'HIGH', 8),
(54, '생중계', '일어난 사건이나 현장을 녹화하지 않고 즉시 전달하는 방송 방식.', '9일에는 의원총회에 참석한 김 후보와 지도부 간 갈등이 생중계되는 등 상황이 긴박하게 돌아갔다.', 'HIGH', 8),
(55, '유세', '정치적인 목적을 위해 여러 사람 앞에서 자신의 주장을 발표하고 지지를 호소하는 활동.', '후보자는 유세를 통해 자신의 공약과 정책을 설명하며 유권자들의 지지를 요청했다.', 'HIGH', 10),
(56, '재건축', '건축물이 노후화되었을 때 기존의 구조물을 철거하고 새로 건물을 짓는 과정.', '지역 사회는 오래된 건물을 재건축하여 새로운 주거 공간을 마련하려고 한다.', 'HIGH', 10),
(57, '입당', '특정 정당에 가입하여 당원으로 참여하게 되는 것.', '정치적 입장을 분명히 하기 위해 많은 시민들이 새로운 정당에 입당을 결정했다.', 'HIGH', 10),
(58, '전체주의', '하나의 정치체제에서 국가가 개인의 모든 삶을 통제하거나 지도할 것을 주장하는 정치 이념.', '윤 전 대통령은 김 후보의 정치가 거대 야당의 전체주의적 행태와는 근본적으로 다르다고 말했다.', 'HIGH', 9),
(59, '탄핵', '정부의 고위직 공무원이 잘못을 저질렀을 때, 그를 직위에서 해임하기 위한 정식 절차.', '한 전 대표는 김 후보가 탄핵 반대에 대해 진심으로 국민들께 사과해야 한다고 요청했다.', 'HIGH', 9),
(60, '계엄', '특정 상황에서 군대가 일정 지역의 질서를 유지하기 위해 행정과 사법권을 맡는 체제.', '양 위원장은 계엄에 대해 국민에게 엄숙하게 사과해야 이를 극복할 수 있다고 강조했다.', 'HIGH', 9),
(61, '거버넌스', '거버넌스는 단체나 조직의 관리 및 운영 체계 또는 구조를 의미하며, 주로 국가, 기업, 또는 기관의 의사 결정 과정의 투명성과 책임성을 강조하는 용어입니다.', '과학기술 거버넌스 체계 구축은 연구개발의 일관성과 효율성을 높이기 위해 중요하다.', 'HIGH', 13),
(62, '법제화', '법제화는 특정 사항이나 정책을 법률로 만드는 과정을 의미하며, 이는 사회적 합의와 정책의 일관성을 보장하기 위한 수단입니다.', 'R&D 예산 삭감사태 재발 방지를 위해 일정 비율을 보장하는 법제화가 요구되고 있다.', 'HIGH', 13),
(63, '지자체', '지방자치단체의 줄임말로, 지역 주민이 자치적으로 지역사회의 행정과 경제를 운영할 수 있도록 하는 지역 단위의 행정 조직을 의미합니다.', '이재명 후보는 지자체가 자율성을 가지고 R&D 투자 방향을 설정할 수 있도록 하는 방안을 제시했다.', 'HIGH', 13),
(64, '형평성', '사회적이고 경제적인 대우와 자원이 공정하고 균형적으로 분배되는 상태를 의미한다.', '학교별 개설 과목 수 차이로 인해 고교학점제의 형평성이 지적받고 있다.', 'HIGH', 12),
(65, '자율형사립고(자사고)', '정부의 규제보다 자율적으로 운영되는 사립 고등학교를 의미하며, 교육과정 운영에 있어 보다 높은 자유도를 가진다.', '서울지역 자율형사립고는 지역 일반고보다 개설 과목 수가 많아 학생들의 선택권이 넓다고 한다.', 'HIGH', 12),
(66, '고교학점제', '고등학생들이 다양한 과목 중 자신의 흥미와 적성에 맞는 과목을 자유롭게 선택하여 이수하는 교육 제도를 말한다.', '고교학점제는 학생들의 진로와 적성 탐색을 위해 여러 선택과목을 제공하지만, 학교별 과목 수 차이로 형평성 문제가 제기됐다.', 'HIGH', 12),
(67, '재고', '물건이 창고 등에 쌓여 있음. 흔히 아직 팔리지 않은 물건을 말함.', '한때 바닥을 드러냈던 유심 재고에 대해선 지난 9일부터 오는 18일까지 모두 117만 개가 추가 공급된다.', 'LOW', 11),
(68, '밝혔습니다', '어떤 사실이나 비밀 등을 사람들에게 알리다.', 'SK텔레콤은 일일브리핑에서 유심 무상교체 현황과 관련해 이같이 밝혔습니다.', 'LOW', 11),
(69, '대기자', '순서를 기다리는 사람.', '유심 교체를 신청하고도 받지 못한 대기자만 722만 명에 이르는 것으로 파악됐습니다.', 'LOW', 11),
(70, '유심(USIM)', '유심(USIM)은 가입자 식별 모듈로, 이동통신 사용자의 가입자 정보를 저장하는 작은 칩 형태의 카드입니다.', 'SK텔레콤이 유심(USIM) 정보 유출 사고를 계기로 이탈하는 이용자들에 대한 대처에 미온적인 태도를 보이고 있습니다.', 'HIGH', 15),
(71, '위약금', '위약금은 계약상의 의무를 위반했을 때 부과되는 벌금이나 손해배상금을 의미합니다.', '김송연씨는 위약금 때문에 통신사를 옮기는 것을 망설이고 있습니다.', 'HIGH', 15),
(72, '피싱', '피싱은 개인 정보를 빼내기 위해 신뢰할 수 있는 기관인 척하며 사용자에게 접근하는 사이버 사기 수법입니다.', '2차 피해 방지를 위해 피싱 사이트를 신속 차단하고 모니터링을 강화하고 있습니다.', 'HIGH', 15),
(73, '보이스피싱', '전화나 문자 메시지 등을 이용해 금융 사기를 저지르는 범죄 행위입니다.', '이처럼 최근 카드 배송원을 사칭한 보이스피싱 범죄가 잇따르고 있다.', 'HIGH', 14),
(74, '금융감독원', '대한민국의 금융 감독 기관으로, 금융시장과 금융기관을 감독하고 검사를 실시하는 기관입니다.', '이상하게 생각한 A씨가 카드배송원이 알려준 번호로 전화하자 상담원은 A씨 계좌가 범죄에 연루된 정황이 있다고 설명했다.', 'HIGH', 14),
(75, '범죄조직', '조직적인 체계를 갖추고 범죄 행위를 체계적으로 시행하는 집단입니다.', '특히 범죄조직의 수법이 다양해지며 지난해 강원지역 보이스피싱 발생건수는 584건, 피해금액은 254억원으로 집계됐다.', 'HIGH', 14),
(76, '공약화', '선거에 나오는 후보가 당선 후 실현하겠다고 국민에게 약속하는 일정한 사항을 정하는 것.', '우리는 조기 대선을 앞두고 후보자들에게 과학기술 정책 공약화 요구가 잇따르고 있다.', 'LOW', 13),
(77, '거버넌스', '조직의 목표를 달성하기 위한 의사 결정 및 관리 체계.', '개방적이고 독립적인 과학기술 거버넌스 체계 구축 등이 주요 내용이다.', 'LOW', 13),
(78, '노동조합', '근로자의 권익 보호와 근로 조건 개선을 위해 결성된 조직.', '노동조합과 연구자 단체 등이 대선 후보자들에게 과학기술정책 공약화를 요구하고 있다.', 'LOW', 13),
(79, '형평성', '형평성이란 차별이나 불공평이 없이 평등하고 공정한 상태나 특징을 말합니다.', '고교학점제 도입 초기부터 형평성에 대한 문제가 제기되었습니다.', 'LOW', 12),
(80, '자율형사립고', '자율형사립고란 일반 공립 학교와는 달리 학교 운영 및 교육과정에 있어 자율성을 부여받은 사립 고등학교를 말합니다.', '서울의 자율형사립고는 개설 과목 수가 다른 학교보다 많았습니다.', 'LOW', 12),
(81, '다양하다', '다양하다는 것은 여러 가지가 섞여 있거나 여러 가지의 성격, 종류, 형태 등이 있다는 뜻입니다.', '고교학점제는 학생들이 다양한 과목을 선택할 수 있도록 설계되었습니다.', 'LOW', 12),
(82, '유심', '유심(USIM)은 ''Universal Subscriber Identity Module''의 약자로, 이동통신 가입자의 신원 인증을 위한 칩이다.', '유심은 스마트폰에 삽입되어 네트워크 액세스를 가능하게 하는 작은 칩이다.', 'HIGH', 11),
(83, '재고', '재고는 기업의 생산, 유통, 판매 과정에서 보유하고 있는 상품이나 자재를 의미한다.', '한때 바닥을 드러냈던 유심 재고가 추가로 공급될 예정이다.', 'HIGH', 11),
(84, '무상교체', '무상교체는 어떠한 비용 없이 기존의 제품이나 부품을 새로운 것으로 교체하는 것을 의미한다.', '사용자는 특정 조건을 충족할 경우 유심을 무상으로 교체할 수 있다.', 'HIGH', 11),
(85, '미온적', '적극적이지 않고 열의나 활기가 없는 상태를 의미합니다.', '회사의 미온적인 태도가 소비자들의 불만을 초래했습니다.', 'LOW', 15),
(86, '귀책사유', '어떤 사건이나 문제에 대해 책임질 이유를 의미합니다.', '사용자의 귀책사유가 없을 경우 위약금이 면제됩니다.', 'LOW', 15),
(87, '신중하게', '조심스럽고 깊이 생각하여 행동하는 것을 의미합니다.', '이 문제를 해결하기 위해 신중하게 접근하고 있습니다.', 'LOW', 15),
(88, '계좌', '은행과 같은 금융 기관에 돈을 맡기고 인출할 수 있는 계약이나 약속.', 'A씨는 자신의 계좌가 범죄에 연루됐다는 얘기를 들었다.', 'LOW', 14),
(89, '이체', '어떤 계좌에서 다른 계좌로 돈을 보내는 것.', 'A씨는 거래은행으로 가서 10억원을 이체하였다.', 'LOW', 14),
(90, '범죄', '법률에 위반되는 행위나 행동.', '최근 카드 배송원을 사칭한 보이스피싱 범죄가 증가하고 있다.', 'LOW', 14),
(91, '자립', '다른 사람이나 기관의 도움 없이 스스로 생활하거나 일을 꾸려 나가는 것.', '우리는 어려운 상황에서도 자립하여 삶을 꾸려나갈 수 있어야 합니다.', 'LOW', 17),
(92, '제공', '무엇인가를 남에게 주거나 이용할 수 있게 해주는 것.', '회사는 직원들에게 다양한 복지 혜택을 제공하고 있습니다.', 'LOW', 17),
(93, '창출', '새로운 것을 처음으로 만들어 내거나 일으키는 것.', '정부는 경제 성장을 위해 새로운 일자리를 창출하려고 노력하고 있습니다.', 'LOW', 17),
(94, '합의', '두 사람 이상이 어떤 문제에 대해 서로 의견을 조정하여 결정함.', '이는 지난 8일 영국과의 무역 합의를 언급한 것으로, 이에 따르면 미국은 영국산 철강·알루미늄에 대한 25% 관세를 폐지하고...', 'LOW', 16),
(95, '폐지', '어떤 제도나 규칙 등을 없앰.', '이는 지난 8일 영국과의 무역 합의를 언급한 것으로, 이에 따르면 미국은 영국산 철강·알루미늄에 대한 25% 관세를 폐지하고...', 'LOW', 16),
(96, '면제', '책임이나 의무를 하지 않아도 되게 함.', '영국이 100억 달러 규모의 미국 보잉사 항공기 구매 조건으로 영국 롤스로이스사의 항공기 엔진 부품에 대한 관세를 면제하기로 했습니다.', 'LOW', 16),
(97, '자립', '다른 사람이나 것에 의지하지 않고 혼자서 살아감.', '그는 대학 졸업 후 자립할 수 있도록 열심히 준비했다.', 'LOW', 20),
(98, '형성', '무엇인가 만들어져서 이루어짐.', '청년 자산 형성 지원사업은 미래의 경제적 기반을 만들어주는 목표를 가진다.', 'LOW', 20),
(99, '만기', '계약이나 약속, 증서 등이 완료되는 시기.', '저축계좌에 돈을 넣고 3년 만기를 기다려 더 많은 적립금을 받았다.', 'LOW', 20),
(100, '실질 GDP', '실질 국내총생산(GDP)은 특정 기간 동안 한 나라 내에서 생산된 산출물의 가치를 물가 변동에 맞춰 실질적인 상승폭을 반영하여 계산한 값입니다.', '한국은행이 발표한 올해 1분기 우리나라 실질 GDP 성장률은 -0.2%로 추락했습니다.', 'HIGH', 19),
(101, '역성장', '경제에서 역성장이란 경제 규모가 작아지는 형상을 나타내는 용어로, 한 국가의 GDP가 이전 기간에 비해 감소하는 것을 의미합니다.', '역성장을 한 국가가 3나라였는데, 우리나라는 그중에서도 맨 꼴찌였습니다.', 'HIGH', 19),
(102, '추가경정예산', '추가경정예산이란 정부가 이미 확정된 예산 외에 경제 상황이나 정책적 필요에 따라 추가로 편성하는 예산을 의미합니다.', '새 정부가 출범하면 추가경정예산 편성이 불가피할 것으로 보입니다.', 'HIGH', 19),
(103, '지주사', '다른 회사를 지배할 목적으로 그 회사의 주식을 소유하는 회사로, 주로 사업 지배를 위한 수단으로 사용된다.', '한솔그룹의 지주사인 한솔홀딩스는 자회사 한솔피엔에스의 잔여주식에 대한 공개매수에 나섰다.', 'HIGH', 18),
(104, '공개매수', '특정 회사의 주식을 공개적으로 매수하여 지분을 확보하기 위한 기업 전략으로, 주식시장에서 다수의 주주로부터 주식을 매수하는 방식이다.', '한솔홀딩스는 한솔피엔에스 주식을 5월 12일부터 6월 22일까지 공개매수를 통해 사들일 예정이다.', 'HIGH', 18),
(105, '상장폐지', '상장된 회사가 자진하거나 강제로 주식시장에서 그 지위를 상실하게 되어, 주식이 더 이상 거래되지 않는 상태를 의미한다.', '한솔홀딩스는 한솔피엔에스를 상장폐지하여 자발적으로 주식시장에서 철수하려 한다.', 'HIGH', 18),
(106, '자활', '스스로의 힘으로 자신의 삶을 영위하고 나아가는 능력이나 과정.', '코레일은 자활의지가 높은 노숙인을 선발하여 일자리를 지원한다.', 'HIGH', 17),
(107, '공기업', '정부나 지방자치단체가 출자한 기업으로, 주로 공공서비스나 산업 정책적 목적을 위해 운영되는 기업.', '차성열 코레일 여객사업본부장은 공기업으로서의 사회적 책임을 강조했다.', 'HIGH', 17),
(108, '계열사', '하나의 기업군에 속한 여러 개의 기업 중 하나로, 일반적으로 모기업의 지배 하에 있는 상태를 의미.', '코레일 계열사에서도 프로그램 종료 후 취업이 가능한 경우가 있다.', 'HIGH', 17),
(109, '기준 중위소득', '기준 중위소득은 국민 가구의 소득 중심값을 뜻하며 사회 보험료, 세금 등을 제외한 소득을 기준으로 한다. 이는 복지 정책의 대상 선정과 지원 수준 판단에 사용된다.', '청년내일저축계좌는 기준 중위소득 50~100%에 해당하는 청년들을 대상으로 한다.', 'HIGH', 20),
(110, '저소득', '저소득은 한 개인이나 가구의 수입 수준이 어느 기준 이하인 상태를 의미하며, 일반적으로 최저 생활 수준을 유지하기 힘든 경우에 사용된다.', '청년내일저축계좌는 일하는 저소득 청년의 경제적 자립을 돕기 위한 지원사업이다.', 'HIGH', 20),
(111, '자산 형성 지원사업', '자산 형성 지원사업은 개인이나 가구가 향후 경제적 안정과 자립을 위한 자산을 축적할 수 있도록 국가가 직접적으로 지원하는 사업을 의미한다.', '청년내일저축계좌는 일하는 저소득 청년의 경제적 자립과 안정적인 자산 마련을 돕는 자산 형성 지원사업이다.', 'HIGH', 20),
(112, '관세', '수입품에 부과되는 세금으로, 특정 국가 간의 상품 교역을 조절하거나 보호하기 위해 사용된다.', '러트닉 장관은 기본 관세율이 10% 아래로 내려가지 않을 것이라고 말했다.', 'HIGH', 16),
(113, '무관세', '특정 상품의 수입에 대해 관세를 부과하지 않는 상태.', '일부 상품은 국가별 협상 결과로 무관세로 수입될 수 있다고 하였다.', 'HIGH', 16),
(114, '철강', '강철의 재료가 되는 금속으로, 주로 철광석을 제련하여 생산된다.', '미국은 영국산 철강에 대한 25% 관세를 폐지하기로 했다.', 'HIGH', 16),
(115, '추락', '높은 위치에서 낮은 위치로 떨어짐.', '비행기가 기체 문제로 급격히 추락하여 산에 충돌했다.', 'LOW', 19),
(116, '역성장', '경제 또는 특정 산업이 성장하지 않고 오히려 줄어듦.', '세계 경제 위기로 인해 여러 나라가 역성장을 겪고 있다.', 'LOW', 19),
(117, '불확실성', '앞날에 대한 확신이 없음. 미래의 상황이나 결과를 예측할 수 없는 상태.', '정치적 불확실성은 투자자들에게 더욱 신중함을 요구하게 된다.', 'LOW', 19),
(118, '계열사', '어떤 기업 그룹에 속한 회사로, 같은 그룹에 속하나 독립적으로 운영되는 회사', '한솔피엔에스는 한솔그룹의 시스템통합(SI) 계열사입니다.', 'LOW', 18),
(119, '주식', '회사가 자본을 나누어 파는 작은 지분 단위로, 이를 구매하면 그 회사의 일부 소유자가 됨', '한솔홀딩스는 한솔피엔에스 주식 326만290주에 대한 공개매수를 실시할 예정입니다.', 'LOW', 18),
(120, '인수합병(M&A)', '다른 회사의 경영을 지배하기 위해 그 회사의 주식을 사들이는 행위', '한솔피엔에스는 인수합병(M&A)으로 사업 다각화를 추진하고 있습니다.', 'LOW', 18),
(121, '사이토키닌', '사이토키닌(cytokinin)은 식물 조직에서 세포 분열과 성장을 촉진하는 호르몬의 일종으로, 특히 식물 생장에 중요한 역할을 한다.', '이들이 숙주를 키우기 위해 사용한 약물은 사이토키닌 계열의 합성 호르몬으로 원예나 조직 배양에는 쓸 수 있지만 장기 복용할 경우 부작용이 있을 수 있다.', 'HIGH', 25),
(122, '폐섬유화', '폐섬유화는 폐 조직이 비정상적으로 두꺼워지고 단단해져서 호흡 기능이 저하되는 만성적인 폐 질환이다.', '실제로 작년, 닥락성에서는 숙주를 먹은 35세 여성이 구토와 호흡 곤란 증세로 병원에 긴급 이송됐다가 이틀 뒤 폐섬유화 증세로 사망했습니다.', 'HIGH', 25),
(123, '선천성 기형', '선천성 기형은 태아가 모체 내에서부터 비정상적으로 형성되는 신체 구조의 기형을 의미하며, 유전적 요인이나 환경적 요인에 의해 발생할 수 있다.', '6-벤질아미노퓨린을 장기 복용할 경우 폐섬유증이나 선천성 기형, 저체중 출산 같은 부작용이 있어 식품 제조에 사용하는 건 금지되어 있습니다.', 'HIGH', 25),
(124, '별세', '사람이 세상을 떠나서 죽다.', '이옥선 할머니가 건강 악화로 별세했습니다.', 'LOW', 21),
(125, '참상', '비참하고 끔찍한 상황이나 상태.', '이 할머니는 일본군 위안부로 겪은 고초의 참상을 국내외에 알려왔습니다.', 'LOW', 21),
(126, '촉구', '어떤 일을 강하게 요구하거나 재촉하다.', '이 할머니는 일본의 공식 사죄를 촉구해왔습니다.', 'LOW', 21),
(127, '우선협상대상자', '특정 계약을 체결하기에 앞서 우선적으로 협상할 수 있는 자격을 가진 대상자.', '지난해 7월 한수원이 체코와의 우선협상대상자로 선정되자 관련 절차가 불공정했다며 체코 경쟁당국에 두 차례 이의를 제기했고, 이게 모두 기각되자 법원에 소송까지 냈다.', 'HIGH', 24),
(128, '기득권', '이미 기본적으로 가지고 있는 권리나 권력, 위치.', '프랑스가 이처럼 자신들의 수주 가능성을 아예 지워버리면서까지 소란을 일으키는 데는 이번 판을 뒤집으려는 것보다 유럽에서의 기득권을 과시하려는 의도가 있다는 게 원전 업계 관계자의 설명이다.', 'HIGH', 24),
(129, '신중함', '매우 조심하여 행동하는 성질이나 태도.', '현 정부에서 찾아보기 어려웠던 ‘신중함’의 가치는 되찾아야 한다.', 'HIGH', 24),
(130, '유체동산', '법률적으로 동산의 형태로 존재하여 물리적으로 이동할 수 있는 재산을 의미한다.', '불상을 훔친 일당은 형사처벌 받았고, 이와 별개로 유체동산인도 소송의 판결대로 정부는 일본 관음사에 불상을 인계해...', 'HIGH', 23),
(131, '약탈', '전쟁이나 강탈을 통해 다른 나라나 민족의 재산을 강제로 빼앗는 행위.', '불상이 고려 시대 왜구에 의해 약탈당해 일본으로 불법 반출됐을 상당한 개연성이 있다는 사정만으로...', 'HIGH', 23),
(132, '소급 적용', '법률이나 규칙이 제정되기 이전의 사건이나 상황에 그 법률이나 규칙을 적용하는 것.', '소급 적용되지 않고 강제력 없더라도 독일과 영국, 미국 등에서 문화유산의 취득 경위를 엄격히 따지고 있다.', 'HIGH', 23),
(133, '협상', '서로 다른 의견이나 입장을 조정하기 위해 토론하고 논의하는 과정.', '우리는 문제를 해결하기 위해 협상 테이블에 앉았다.', 'LOW', 26),
(134, '제시', '어떤 의견이나 방안 등을 상대에게 보여주거나 이야기하는 것.', '교사는 학생들에게 문제 해결 방법을 제시했다.', 'LOW', 26),
(135, '조율', '서로 다른 의견이나 입장을 맞춰 조화롭게 만드는 것.', '팀원들은 프로젝트 계획을 조율하기 위해 회의를 가졌다.', 'LOW', 26),
(136, '전승절', '전승절은 제2차 세계 대전 승리를 축하하는 기념일로, 전통적으로 주로 러시아와 일부 구소련 국가에서 국가적 행사로 기념된다.', '모스크바 붉은광장에서 전승절 기념 열병식이 열리고 있다.', 'HIGH', 22),
(137, '지상군', '지상군은 전장을 주로 지상에서 기동하는 군대의 한 부서를 의미하며, 보병, 기갑부대 등을 포함한다.', '우크라이나 전장에 지상군을 파병한 북한도 행사에 고위급 대표단을 파견했다.', 'HIGH', 22),
(138, '연쇄 회담', '연쇄 회담은 여러 주제를 연속적으로 다루는 구조의 회의를 의미하며, 통상적으로 국가 간의 복잡한 외교 문제를 해결하기 위해 활용된다.', '두 정상은 7시간 30분 동안 연쇄 회담을 갖고 협력 문서에 서명했다.', 'HIGH', 22),
(139, '비즈니스', '상업, 거래나 영리적 목적으로 행해지는 모든 활동을 일컫는 말이다.', '그는 새로운 비즈니스를 시작하기 위해 열심히 준비하고 있다.', 'LOW', 25),
(140, '호르몬', '생물체 내에서 특정한 기전을 통해 특정 기관이나 조직이 특정 방식으로 작용하도록 신호를 보내는 화학 물질이다.', '사춘기에는 여러 종류의 호르몬이 분비되어 신체에 큰 변화를 준다.', 'LOW', 25),
(141, '계열', '여러 개의 것들이 일정한 방향이나 성격을 갖추고 조화를 이루는 무리를 의미한다.', '언어 계열의 학문은 여러 나라의 문법과 어휘를 포함하고 있다.', 'LOW', 25),
(142, '위안부', '위안부는 일본 제국주의 시절, 일본군에 의해 강제로 성적 노역을 강요받은 여성들을 지칭하는 용어이다.', '이옥선 할머니는 일본군 위안부로 고초를 겪고 그 참상을 알리기 위해 노력해왔다.', 'HIGH', 21),
(143, '참상', '참상은 비참하고 처참한 상황이나 상태를 의미한다.', '수요시위를 통해 이옥선 할머니는 일본군 위안부 피해자들의 참상을 국내외에 알려왔다.', 'HIGH', 21),
(144, '공식 사죄', '공식 사죄는 국가나 조직의 대표가 공식적으로 자신의 책임을 인정하고 사과하는 행위를 의미한다.', '이옥선 할머니는 일본의 공식 사죄를 촉구하며 활동해왔다.', 'HIGH', 21),
(145, '발칵 뒤집혔다', '매우 놀라거나 큰 충격을 받아 큰 소란이 일어나는 상태가 되다.', '그 소식에 회사 전체가 발칵 뒤집혔다.', 'LOW', 24),
(146, '체결식', '월, 협정, 계약 등을 공식적으로 맺는 의식이나 행사.', '새로운 무역 협정 체결식이 다음 주에 예정되어 있다.', 'LOW', 24),
(147, '호락호락하지 않은', '쉽게 넘어가거나 부드럽게 다루어지지 않는, 완고한.', '그는 호락호락하지 않은 성격 덕분에 협상에서 항상 유리한 입장에 섰다.', 'LOW', 24),
(148, '반환', '다시 되돌려줌.', '우리는 이번 사건을 통해 약탈된 문화재의 반환 문제에 대해 많은 것을 배웠습니다.', 'LOW', 23),
(149, '증거', '어떤 사실이나 주장을 뒷받침하여 증명할 수 있는 근거가 되는 자료.', '약탈의 증거는 명확하였으나, 불상이 정상적으로 거래되었다는 증거는 없었습니다.', 'LOW', 23),
(150, '정당한', '논리와 이치에 맞아 올바른.', '문화재의 정당한 취득을 입증하지 못한 경우, 원래 국가에 반환하는 것이 국제적 추세입니다.', 'LOW', 23),
(151, '관세', '물품이 국가의 국경을 넘어갈 때 국가가 부과하는 세금으로, 주로 수입품에 부과된다.', '관세는 국가 간 무역을 조정하고 국내 산업을 보호하기 위해 사용된다.', 'HIGH', 26),
(152, '부과', '어떤 일에 대하여 세금이나 요금을 부담시키거나 지우는 것을 말한다.', '정부는 특정 품목에 대해 높은 세율을 부과하여 수익을 올린다.', 'HIGH', 26),
(153, '재조정', '원래의 계획이나 방식 등을 다시 조정하거나 수정하는 것을 의미한다.', '정부는 경제 정책의 방향을 재조정하여 시장의 불안정을 해소하려고 한다.', 'HIGH', 26),
(154, '파병', '군대가 외부의 전투나 전쟁에 참여하기 위해서 파견되어 가는 것을 말합니다.', '우크라이나 전장에 지상군을 파병한 북한도 이날 행사에 고위급 대표단을 파견했다.', 'LOW', 22),
(155, '참관', '어떤 중요한 행사나 상황을 직접 가서 봄으로써 살펴보는 것을 의미합니다.', '열병식을 참관하는 시진핑 중국 국가주석이 블라디미르 푸틴 러시아 대통령과 대화를 나누는 모습.', 'LOW', 22),
(156, '열병식', '군대가 정리된 상태로 장비와 함께 행진하여 힘을 과시하는 행사입니다.', '모스크바 붉은광장에서 열린 전승절 80주년 열병식에서 러시아군이 행진하고 있다.', 'LOW', 22);

INSERT INTO pnevaluation (pn_evaluation_id, positive_comment, negative_comment, news_id) VALUES
(1, '박진숙 교사의 지원과 대화로 학생들이 스스로 변화하는 모습은 훌륭하다. 교육활동보호센터의 다양한 지원은 교사들에게 큰 힘이 된다.', '가해 학생의 치료 및 재발 방지 제도가 부족해 보완이 필요하다. 공립형 병원학교의 부족함이 강원도 학교에 아쉬움을 남긴다.', 1),
(2, '성인 자녀에 대한 경제적 지원은 가족 간의 결속을 강화하며, 청년들이 보다 안정적으로 사회에 진입할 수 있도록 돕습니다.', '성인 자녀를 계속 부양하는 것은 부모에게 경제적 부담을 가중시킬 수 있으며, 자녀의 독립성 발달에 부정적인 영향을 미칠 수 있습니다.', 5),
(3, '의대 유급 제도는 학생들의 지속적인 학업 진보를 위해 필수적이며, 42.6%의 학생들이 유급 예정이라는 사실은 앞으로의 개선 가능성을 제시합니다.', '의대생들의 대대적인 유급은 교육부의 지침과 의대의 관리가 부실했음을 반영하며, 특히 갈등 해결 노력 없이 사태를 악화시키고 있다는 학생협회의 비판이 더욱 우려스럽습니다.', 4),
(4, '강원특별자치도교육청이 강원학원의 비위 행위를 투명하게 발각하여 조치한 것은 교육계의 신뢰 회복에 기여할 것이다.', '교육청의 과거 감독 부실로 인해 비위가 반복되었고, 이는 감독 기관의 책임을 명확히 지적받게 한다.', 3),
(5, '이번 판결은 근로자의 권리를 강화하는 긍정적인 변화로, 임금 투명성을 높이고 합당한 보상을 보장합니다.', '대법원 판결로 인해 노사 간 갈등이 심화되어 기업의 재정 부담이 증가하고 예기치 못한 쟁의가 발생할 우려가 큽니다.', 2),
(6, '이재명 후보의 해병대 독립성과 책임자 처벌 약속은 군의 위상 강화에 긍정적입니다.', '해병대사령관 위상 격상과 회관 건립은 정치적 이익과 지지율 확보를 위한 선심성 공약일 수 있습니다.', 7),
(7, '김문수 후보가 중앙선관위에 정식 등록하면서 공식적인 선거운동에 돌입한 점은 후보의 결연한 의지를 보여줍니다. ''원팀''과 ''광폭의 연대''를 강조하면서 당 내 결속을 다지고 단합을 통한 선거 승리를 목표로 하는 모습은 긍정적입니다. 이러한 리더십은 당원 간의 협력과 공감을 이끌어내어 선거에 대한 긍정적인 에너지를 불러일으킬 가능성이 있습니다.', '김문수 후보의 당내 단일화 실패와 내홍이 지속되면서 지도부 책임론이 언급되는 상황은 우려스럽습니다. ''빅텐트'' 전략을 강조했으나, 실제로 당내 갈등을 봉합하지 못할 경우 내부 분열을 초래할 수 있습니다. 또한 한덕수 전 총리와의 단일화 문제 해결을 위한 구체적 계획이 부족해 보이며, 의원들의 포용 여부가 미지수인 상황에서는 당내 대립 가능성이 여전히 잠재되어 있습니다.', 6),
(8, '윤석열 전 대통령의 적극적인 김문수 후보 지지는 당원들에게 일관된 방향성을 제공합니다. 이를 통해 자유민주주의를 강조하며 당의 결속을 도모할 수 있는 기회를 마련합니다.', '윤석열 전 대통령의 메시지는 중도 세력의 이탈 우려를 가중시키며, 선거에서 오히려 부정적인 요소로 작용할 수 있습니다. 일부 내부에서는 이로 인해 당명이나 선거 전략이 손상될 수 있다는 목소리가 나옵니다.', 9),
(9, '김문수 후보의 리더십과 당원들의 결속력이 주요한 역할을 하며 지도부의 교체 시도를 저지한 점은 당의 단결력을 보여줍니다.', '내부 갈등과 후보 교체 시도는 국민의힘이 조직적 통합과 신뢰를 구축하는 데 어려움을 겪고 있음을 시사합니다.', 8),
(10, '이준석 후보는 중앙선거관리위원회에 대선 후보 등록 후 대구 유세를 통해', '대구 유세에서 이준석 후보는 보수 유권자를 겨냥했으나, 국민의힘과', 10),
(11, '과학기술 정책에 대한 적극적인 관심과 지원은 국가 혁신과 발전에 큰 기여를 할 수 있으며, 연구 환경과 연구자의 처우 개선에도 긍정적 영향을 미칠 것입니다.', '과학기술 정책의 정치적 독립성을 강조하지만, 실제로 정책 집행 과정에서 정치적 압박이 여전히 존재할 수 있으며, 종합적인 지원과 개선이 부족할 수 있습니다.', 13),
(12, '고교학점제는 학생들에게 다양한 학습 기회를 제공하여 자신에게 맞는 학습 경로를 ''진로선택''과 ''융합선택''을 통해 찾아갈 수 있게 하는 긍정적 장점을 가지고 있습니다.', '학교 유형과 지역에 따라 ''선택과목'' 차별이 발생하고, ''서울'' 소재 학교와 ''일반고'', ''자사고'' 간 격차가 생기며 학생들이 불평등을 느끼게 할 우려가 있습니다.', 12),
(13, 'SK텔레콤이 2차 피해 방지를 위한 다각적인 노력을 기울이고 있으며, 고객 이탈을 심각하게 받아들이고 정확한 위약금 면제 결정을 위해 심사숙고하고 있다.', 'SK텔레콤의 미온적인 태도와 위약금 면제 결정 지연에 대한 소비자들의 불만이 커지고 있으며, 문제 해결을 위한 신속한 대응이 절실하다.', 15),
(14, '강원 지역 기관들이 보이스피싱 예방에 적극적으로 나서는 모습은 고무적입니다. 이를 통해 주민들은 피해를 예방할 수 있고, 금융 안전에 기여할 수 있을 것입니다.', '보이스피싱 범죄 수법이 날로 다양해지고 피해 규모가 커지는 것은 심각한 문제입니다. 이러한 범죄를 줄이기 위한 제도적 뒷받침이 절실히 필요합니다.', 14),
(15, 'SK텔레콤의 신속한 대응으로 유심 재고 확보와 추가 공급을 통해 빠른 문제 해결을 위한 노력이 돋보이며, 많은 가입자들이 이미 교체 서비스 혜택을 누리고 있는 점이 긍정적입니다.', '신청 후 유심을 받지 못한 대기자 수가 여전히 많아 가입자들 간의 불안감이 고조될 수 있으며, 초기 재고 부족 사태로 인한 혼란이 기업 대비 부족함을 드러내고 있습니다.', 11),
(16, '어려운 시기지만 새 정부 출범으로 정책 변화 가능성을 통해 경제 회복 기회가 있을 것입니다.', '현재 경제성장률은 최하위이며, 정치적 혼란이 장기화되면서 경제적 불확실성이 가중되고 있습니다.', 19),
(17, '한솔홀딩스의 한솔피엔에스 공개매수는 회사 장기적 비전 강화 및 자회사 경쟁력 높이는 데 기여. 공개매수 진행으로 투자자 보호 기회 제공하며 긍정적 이미지 구축.', '상장폐지 시 투자자 유동성 감소, 정보 접근 어려움 가능성 존재. 높은 지분 확보 위한 추가 비용 발생은 시장 내 불안정성 초래 가능성 내재.', 18),
(18, '코레일의 노숙인 일자리 제공 사업은 사회적 책임을', '월 60시간의 근로가 실질적 자립에 충분하지 않을 수', 17),
(19, '국가별로 유연하게 접근하여 합리적 무역 거래를 촉진하는 것은 대단한 결정입니다. 특히 철강, 알루미늄, 항공기 부품의 무관세 협상은 미국과 영국 양국의 경제적 이득을 극대화할 수 있는 기회를 제공합니다.', '기본 관세가 10% 이하로 내려가지 않는 것은 무역 상대국들에게 경제적 부담을 지속시킬 가능성이 있습니다. 이러한 고정 관세 정책은 국제 무역 관계를 조화롭게 하기보다는 장애 요소로 작용할 수 있습니다.', 16),
(20, '정부지원금을 통해 청년들이 더 큰 자산을 형성할 수 있는 기회를 제공합니다. 저소득 청년을 위한 파격적인 지원은 경제적 자립과 미래를 계획하는 데 큰 도움이 됩니다. 월 10만 원의 정부 지원과 소득 상한선 완화는 많은 청년들에게 창의적 미래를 열어줄 것입니다.', '꾸준한 근로활동과 자립 역량 교육 등 다양한 요건을 충족해야 지원금을 받을 수 있어 접근이 어려울 수 있습니다. 소득 상한선을 고려하더라도 일부 청년들은 지원 요건에 맞지 않을 수 있습니다. 단순히 금융 지원뿐만 아니라 취업 기회 확대 등 복합적 지원이 필요할 수 있습니다.', 20),
(21, '베트남 정부가 가짜 식품을 엄격히 단속하고 있어요. 불법 행위에 대해 강력히 대응하는 모습은 앞으로도 믿을 수 있는 식료품을 소비자들에게 제공합니다. 베트남의 건강한 식생활이 복원될 것으로 기대합니다.', '베트남 식품 산업에 신뢰 문제가 제기되며 소비자들의 불안이 커지고 있습니다. 약품 사용 등 불법 행위는 소비자 건강에 큰 위협이 되며, 이런 사태가 반복될 경우 베트남의 식품 시장에서 신뢰가 무너질 수 있습니다.', 25),
(22, '한국의 지속적 노력과 정치적 협력이 돋보입니다.', '프랑스의 방해로 인해 계약 지연이 우려됩니다.', 24),
(23, '이번 반환은 문화유산의 올바른 소유 확인을 촉진하고 국제적 약탈 유물 반환 추세에 부합하는 긍정적인 조치로 평가받을 수 있습니다.', '하지만 일본의 역사적 책임과 약탈에 대한 깊이 있는 반성과 수용이 부족한 상태로, 문화재 반환은 진정한 해결책이 아닐 수 있습니다.', 23),
(24, '전승절 80주년을 기념하며, 러시아와 중국의 정상들이 한자리에 모여 의미 있는 협력의 장을 마련했다는 점은 매우 뜻깊다.', '북한의 고위급 대표단 파견과 우크라이나 전장에 지상군 파병은 국제 사회에 긴장감을 불러일으킬 수 있어 우려된다.', 22),
(25, '이옥선 할머니는 자신의 아픔을 딛고 일본군 위안부 피해자의 증언자로 활발히 활동하며, 일본의 사죄를 끌어내기 위해 끊임없이 노력하셨습니다. 그분의 헌신이 오늘날 많은 이들에게 역사적 교훈을 전하고 있으며, 공정한 역사를 세우는 데 큰 기여를 했습니다.', '슬프게도, 이옥선 할머니의 별세로 인해 일본군 위안부 피해자의 수가 점점 더 줄어들고 있습니다. 일본의 공식 사죄가 이루어지지 않은 상황에서 피해자분들이 대부분 떠나시는 현실이 안타깝게 느껴집니다. 이로 인해 피해자들의 목소리가 더욱 약화될 위험이 커지고 있습니다.', 21),
(26, '미국과 중국의 협상은 글로벌 경제 불안을 완화하고 무역 증진 기회를 높입니다.', '속도전 협상은 신중하지 못할 수 있어, 장기적 피해 우려가 있습니다.', 26);

INSERT INTO summary (summary_id, level, summary_content, news_id) VALUES
(1, 'Low', '국민의 88%가 성인이 된 자녀를 경제적으로 지원해야 한다고 여긴다. 보사연의 보고서에 따르면 응답자 중 51%는 대학 졸업까지, 28.7%는 취업할 때까지 지원이 필요하다고 답했다. 대학생 자녀의 월평균 부양비는 92만원에 달하며, 이는 중·고등학생보다 적고 초등학생보다 많다. 용돈 및 교통·통신비, 공교육비 등이 주를 이룬다. 30세 이상 성인의 부모와의 동거 비율도 증가 추세에 있다.', 5),
(2, 'Low', '교육부는 전국 40개 의과대학의 자료를 바탕으로, 유급 예정 학생 8,305명 중 42.6%를 확정 발표했다. 특히 1개 과목만 수강 신청한 1,389명도 유급 대상에 포함되었으며, 강원대 의대생 대다수가 이 방식으로 수강해 7월 대거 유급될 수 있다. 한편, 대한의과대학·의학전문대학원학생협회는 오석환 차관 등을 고위공직자범죄수사처에 직권남용 권리행사방해죄 및 강요죄로 고발했다.', 4),
(3, 'Low', '강원학원의 비리 의혹이 드러나 교육청이 조사한 결과, 많은 교직원들이 책임을 물게 되었습니다. 도교육청은 이사장이 금품을 받은 사실을 확인하고, 여러 교직원에게 형사 고발과 징계를 내릴 예정입니다. 도교육청은 시설 관리 부실이나 교비 사용 문제도 확인했고, 관련자들에 대한 추가 조사와 징계를 요청할 계획입니다. 하지만 교직원 노동조합은 교육청이 그동안의 문제를 알지 못했다는 입장을 비판하고 있습니다.', 3),
(4, 'Low', '지난 12월 대법원 판결로 조건부 정기상여금이 통상임금에 포함된다는 판례가 나오며 전국적 노사 갈등이 확산되고 있다. 서울시 버스노조는 통상임금 증가와 기본급 인상을 요구하는 반면, 사측은 기존 임금체계 개편을 주장하고 있다. 기업들은 고용노동부에 해석과 가이드라인을 문의하고 있다. 법무법인 태평양의 김상민 변호사는 수당 정리와 성과 기반 상여금으로의 전환을 제안하지만, 노사 합의가 필요하여 갈등이 장기화될 것으로 보인다.', 2),
(5, 'Low', '박진숙은 담임교사로서 학급 내 학폭을 예방하기 위해 노력했습니다. 학폭을 일으킨 학생은 처음에는 반발했지만, 다른 학생들이 담임교사를 도와주면서 상황이 좋아졌습니다. 심리상담 등 교육당국의 지원이 큰 도움이 되었습니다. 그러나 가해 학생에 대한 재발방지 제도가 부족하여, 병원학교와 사회봉사 등으로 보완이 필요합니다.', 1),
(6, 'High', '강원특별자치도교육청은 강원학원의 비위행위를 적발해 전 이사장 및 교직원을 징계 및 고발할 예정입니다. 전 이사장은 일부 교직원에게 금품을 받은 혐의로 조사받고 있으며 관리책임 관계자 5명에게 징계를 요청했습니다. 시설 분야 부실로 11명에 대해 중징계 및 경찰 수사를 의뢰했고, 총 1억6,249만8,000원의 예산 회수를 명령했습니다. 교비회계 부정으로도 여러 명이 징계 대상입니다. 전국교직원노동조합 강원지부는 도교육청의 감독 책임 부족을 지적했습니다.', 3),
(7, 'High', '전국 의대생 42.6% 유급 예정, 교육부는 8,305명 발표, 강원대 대다수 유급 가능성. 대한의과대학학생협회는 교육부를 직권남용 혐의로 고발.', 4),
(8, 'High', '박진숙 교사는 학급 내 학교폭력 문제를 다루며 어려움을 겪었다. 담임교사로서 가해 학생과의 반복 상담에도 불구하고 보호자와 학생의 선입견이 존재했다. 아이들과의 소통을 통해 조금씩 변화가 있었고, 피해 학생이 거절의사를 표명했다. ''교육활동보호센터''는 법률 및 심리상담 등을 지원하며 교사들에게 큰 위로가 된다. 그러나 가해 학생 재발방지 및 강원도 병원학교 설립 필요성을 강조하며, 사회봉사나 특별교육의 체계적 운영이 필요하다고 밝혔다.', 1),
(9, 'High', '대법원의 ''조건부 정기상여금도 통상임금'' 판례로 서울시 버스노조는 통상임금 증액과 기본급 인상을 요구하며 사측과 갈등을 빚고 있다. 사측은 기존 임금체계에 맞춰 통상임금 인상분 조정 필요성을 주장한다. 28일 총파업 가능성이 있는 가운데, 다른 기업들도 임금 협상에서 통상임금을 주요 쟁점으로 삼고 있다. 고용노동부에는 여러 기업으로부터 통상임금 관련 질의가 증가하고 있으며, 일부 노조는 소송을 제기하고 있다. 전문가들은 향후 노사갈등이 지속될 것으로 전망한다.', 2),
(10, 'High', '2024년 보건사회연구원 조사에 따르면, 국민 88%가 자녀가 성인이 된 이후에도 경제적 지원이 필요하다고 인식했다. ‘취업 시점까지’ 지원 응답은 증가 추세다. 대학생 자녀 월평균 부양비는 약 91.7만 원이며, 주요 항목은 용돈·교통비와 등록금이다. 30대 성인의 부모 동거율도 증가해 가족의 경제·주거 부담이 커지고 있다.', 5),
(11, 'High', '국민의힘 김문수 대선 후보가 선관위에 기호 2번으로 등록하여 선거운동을 시작했습니다. 후보 단일화 문제로 당 내홍이 있었지만, ''원팀''을 강조했습니다. 김 후보는 한덕수 전 총리와의 단일화 실패에 대해 내홍을 수습하며, 광폭의 ''빅텐트'' 전략을 제시하며 지도부 물갈이 가능성을 일축했습니다. 권영세 의원이 비대위직 사퇴했고, 박대출 의원이 사무총장에 내정되었습니다. 의원들의 협조가 이뤄질지는 미지수입니다.', 6),
(12, 'Low', '국민의힘에서 윤석열 전 대통령의 메시지가 비판을 받고 있습니다. 윤 전 대통령은 페이스북에 김문수 후보 지지를 선언하며 자유민주주의를 강조했습니다. 그러나 양향자와 한동훈 등 당내 인사들은 중도 확장을 막고 있어 부정적이라고 지적했습니다. 윤 전 대통령의 제명이나 출당 요구까지 나왔으며, 윤재옥 본부장은 지나간 일보다는 미래 비전을 강조하겠다고 했습니다.', 9),
(13, 'High', '이준석 개혁신당 후보가 대구에서 첫 유세를 했습니다. 그는 대구 시민들이 변화의 중심이 될 수 있다고 믿고 지지를 요청했습니다. 그에 대한 관심이 높아지고 있으며, 온라인 커뮤니티에서도 많은 사람들이 참여하고 있습니다. 개혁신당의 온라인 당원 수는 8만 명 이상으로 증가했으며, 유튜브 채널도 빠르게 성장 중입니다. 정치인 홍준표는 이준석을 주목하며 그가 새로운 정치세력으로 자리 잡을 가능성이 있다고 언급했습니다.', 10),
(14, 'Low', '김문수 후보는 국민의힘 지도부의 후보 교체 시도를 당원들의 반대로 저지했습니다. 지도부는 단일화를 압박했지만 김 후보는 지도부에 반발하며 당무우선권을 주장했습니다. 권성동 원내대표는 단식을 통해 압박을 가했지만 김 후보는 결국 당내 지지를 받아 당권 재편을 이루었습니다.', 8),
(15, 'High', '이재명 후보는 ''채 상병 사건''의 특검법 통과를 약속했습니다. 해병대의 명예를 세우고 박정훈 대령이 자리로 돌아가도록 하겠다고 했습니다. 외압을 밝히고 책임자를 처벌하겠다고 했고, 해병대를 새로운 체제로 개편하고, 임무를 상륙작전과 신속대응으로 특화하겠다고 했습니다. 또한, 해병대 독립 회관을 건립해 자긍심을 높이겠다고 약속했습니다.', 7),
(16, 'Low', '개혁신당의 이준석 후보가 대선 후보 등록 후 대구를 방문하여 첫 선거운동을 시작했습니다. 그는 대구에서 70~80%의 지지를 받아야 변화가 일어난다며 지지를 요청했습니다. 이 후보는 대구에서 여러 행사에 참여하며 중요 인사들과 대화하고 있다고 했습니다. 국민의힘의 비정상적인 후보 교체에 실망한 유권자들로 인해 개혁신당의 지지세가 증가하고 있으며, 당원 수가 8만9100명을 넘었습니다. 이준석 TV도 성장하고 있습니다. 정치권에서는 그의 주목도가 높아졌습니다.', 10),
(17, 'Low', '이재명 더불어민주당 대선 후보는 페이스북을 통해 ''채 상병 사건'' 진상규명을 위한 특검법을 통과시키겠다고 약속하며, 불법 권력에 맞서 수사를 수행한 박정훈 대령이 제자리로 돌아갈 수 있게 지원하겠다고 밝혔다. 해병대의 위상을 격상하기 위해 ''준4군 체제''로 개편하고, 해병대 사령관 위상을 높이며, 상륙작전 및 신속대응 임무를 특화시키겠다고 덧붙였다. 또한 해병대 독립 회관 건립을 통해 전우애를 기리고 자긍심을 강화하겠다고 선언했다.', 7),
(18, 'High', '국민의힘 김문수 후보는 단일화 압박에도 불구, 지도부 교체 시도를 극복하며 당권 재편에 성공했습니다. 김 후보는 전당대회 후 단일화 압박에 맞서 당무우선권을 발동하며 지도부에 반발했습니다. 권성동 원내대표는 단식으로 반대 의사를 표명했고, 김 후보와 지도부 간 갈등은 의원총회까지 이어졌습니다. 그러나 새벽 후보등록 제한이 당원들의 반발을 불러일으켜 후보 교체는 무산되었습니다. 이로 인해 김 후보 중심으로 당권 재편이 가시화되었습니다.', 8),
(19, 'High', '국민의힘에서 윤석열 전 대통령의 김문수 후보 지지 발언에 대해 비판과 우려가 나왔다. 양향자 선대위원장은 이 발언이 중도 확장을 막는 악재라고 했고, 한동훈 전 대표는 출당 필요성을 주장했다. 조경태 의원은 강도 높게 반발했다. 윤재옥 총괄본부장은 과거에 얽매이지 않고 미래 비전을 제시하겠다고 밝혔다.', 9),
(20, 'Low', '김문수 국민의힘 대선 후보가 중앙선관위에 후보 등록을 완료, 선거운동에 돌입했습니다. 당 내홍을 의식한 김 후보는 ''광폭의 연대''와 ''원팀''을 강조하며 당내 갈등 봉합에 나섰습니다. 한덕수 전 총리와의 단일화 시도 후폭풍 속에서 김 후보는 당내 질서를 정비하고 대통합을 시도, 선대위원장 자리를 제안했으나 한 전 총리는 즉답을 피했습니다. 현 지도부 책임론이 부각되는 가운데, 권영세 의원의 비상대책위원장 사퇴, 박대출 의원의 사무총장 임명 등이 진행되며 의원들의 협조가 주목됩니다.', 6),
(21, 'High', 'SK텔레콤 해킹 이후 유심 교체 가입자는 143만. 대기자 722만명. 유심 재고는 117만 개 18일까지 추가 공급. 다음 달 말까지 1077만 개 순차 확보 예정. 유심 교체 문자를 받은 가입자는 T월드 매장에서 ''유심 재설정''과 ''유심 교체'' 선택 가능, 재설정 후 1회 무상 교체 가능.', 11),
(22, 'Low', 'SK텔레콤 해킹 사건 후 143만 가입자가 유심을 교체했으며, 722만 대기자가 있습니다. 117만 개의 유심이 추가 공급됩니다. 다음 달까지 1,077만 유심이 확보됩니다. 유심 교체 가능 문자를 받은 가입자는 T월드 매장에서 ''유심 재설정''이나 ''유심 교체''를 선택할 수 있습니다. ''유심 재설정'' 선택 시, 유심 무상 교체가 한 번 가능하다고 합니다.', 11),
(23, 'Low', '조기 대선을 앞두고 후보자들에게 과학기술 정책을 공약으로 요구하는 움직임이 늘고 있습니다. 연구개발(R&D) 예산 삭감 방지를 위한 법적 보장과 개방적 과학기술 관리 체계 구축이 주요 요구사항입니다. ''출연연과학기술인협의회총연합회(연총)''는 대선 후보자들에게 독립적인 과학기술 정책 수립을 요청했습니다. 연구원들은 현재 여러 부처에 나뉘어 있는 R&D 과제들을 협력적으로 조정하고 지원할 것을 제안했습니다. 과학기술 예산 5% 이상 보장을 위한 법제화와 연구자들의 지위가 향상되길 기대하며, 연구 현장의 철회 요구인 연구과제중심제도(PBS) 폐지도 주장되었습니다. 대선 후보들은 과학기술 공약을 통해 연구자들에게 다가가고 있습니다.', 13),
(24, 'High', '최근 강원도에 사는 50대 A씨는 신청하지 않은 카드가 배달된다는 문자를 받고 피싱 사기에 당했습니다. 이처럼 보이스피싱이 늘고 있으며, 작년 강원지역에서는 584건, 254억원이 피해로 나타났습니다. 이에 경찰과 국정원, 금융기관들이 예방에 나섰고, 농협·국민·신한은행은 ''스피싱 체크리스트''를 대기표에 넣어 최신 피싱 정보를 제공합니다.', 14),
(25, 'High', 'SK텔레콤이 USIM 정보 유출로 인한 사용자 이탈을 막기 위해 위약금 면제를 두고 어려움을 겪고 있습니다. SKT는 최대 500만 가입자 이탈과 7조원의 손실을 예상하고 있으며, 위약금 면제를 시도하는 이용자들이 늘고 있는 상황입니다. 유영상 SKT 대표는 결론을 아직 내리지 못했고, 과기정통부 유상임 장관은 신중한 접근을 강조했습니다.', 15),
(26, 'Low', '고교학점제가 도입된 올해, 서울 및 자사고는 많은 과목을 제공하지만, 지역 일반고는 적은 과목으로 학생 선택에 차별이 발생한다는 지적이 있다. 종로학원의 분석에 따르면 전국 41개 고교 중 자사고 A학교가 127개 과목으로 가장 많으며, 지역 소규모 일반고인 B학교는 63개로 가장 적다. 특히 진로선택과 융합선택 과목 비중이 커지고 있으며, 내신 등급제에 따라 전략적인 과목 선택이 필요하다.', 12),
(27, 'Low', 'SK텔레콤의 유심 정보 유출로 인한 이용자 이탈과 관련하여 위약금 면제 문제를 두고 논란이 이어지고 있습니다. SKT의 약관에 따르면 귀책사유가 있을 경우 위약금이 면제되지만, 유영상 SKT 대표는 현재 논의 중이며 결정의 어려움을 표명했습니다. 유상임 과학기술정보통신부 장관도 신중한 접근을 강조하며 6월 말 결정을 예고했습니다. SKT는 최대 500만 가입자 이탈과 3년간 7조원 손실을 우려하고 있으며, 2차 피해 방지를 위한 조치를 진행 중입니다.', 15),
(28, 'High', '올해 전국 고등학교에 도입된 고교학점제는 학교별로 개설 과목 수가 최대 2배 차이를 보이며 형평성 문제를 일으키고 있다. 서울 및 자사고에서는 과목 수가 많고, 지역 일반고에서는 적어 학생 선택권에 불평등이 발생한다. 종로학원 조사에 따르면, 서울 자사고의 평균 개설 과목 수는 100개 이상이지만 지역 일반고는 75.6개에 그친다. 선택과목은 일반, 진로, 융합으로 나뉘며, 과목 선택은 대입 전략에 큰 영향을 끼친다.', 12),
(29, 'High', '조기 대선을 앞두고 후보자들에게 과학기술 정책 공약화 요구가 잇따르고 있다. 연구개발(R&D) 예산 삭감사태 재발 방지를 위한 일정 비율 보장 법제화와 개방적이고 독립적인 과학기술 거버넌스 체계 구축 등이 주요 내용이다. 11일 과학기술계에 따르면 노동조합과 연구자 단체 등이 6월 3일 대선 후보자들에게 과학기술정책 공약화를 요구하고 있다. 4월 과학의 달과 조기 대선 시점이 맞물리면서 과학기술계 기대와 요구가 더 확산되는 모양새다. 23개 과학기술 정부 출연연구기관(출연연) 연구자 2600여명이 소속된 (사)출연연과학기술인협의회총연합회(이하 연총)는 9일 21대 대선공약 요청 제안서를 통해 출연연 혁신 정책을 후보자들에게 주문했다. 연총은 과학기술 정책 수립과 실행을 독립적으로 수행할 수 있도록 기획과 예산권이 보장된 혁신적 상위 행정기구 신설을 요구했다. 또 현재 각 부처에 분산돼 있는 R&D 과제와 역할을 개방적 협업·협력으로 지원하고 조정할 것을 제안했다. 과학기술 R&D 정책과 평가기관의 정치 독립성 보장을 위해 기관장 임명이나 재임명 평가 시 구성원 의견 반영 요구와 함께 과학기술 R&D 예산 5% 이상 법제화를 통해 국제 협력과 지역 발전을 위한 과학기술 R&D 예산 지속 확보 요구, 출연연 위상 재정립을 위한 정년 환원, 임금피크제 폐지, 연구 중심의 선진적 행정 지원체계 마련 정책화도 주문했다. 그동안 꾸준히 제기된 연구과제중심제도(PBS) 폐지도 요구했다. 앞서 공공과학기술연구노동조합(과기연구노조)은 과학의 날을 앞둔 4월 17일 R&D 예산 복원과 안정적 지원을 위한 법제화, 국가 과학기술 시스템 개혁, 출연연과 4대 과학기술원 등 공공연구기관의 공공성·자율성 확대, 공공연구기관 종사자 사기진작과 처우개선 등을 정책 요구한 바 있다. 대선 후보들은 연구 현장을 방문하거나 공약을 내놓으며 연구 현장 표심을 노리고 있다. 이재명 더불어민주당 후보는 앞서 4월 21일 과학의 날을 맞아 공개한 과학기술 공약을 통해 R&D 예산 확대, 과학기술인 존중 및 처우개선, 연구·교육 활성화를 위한 지역 기반 강화, 지자체가 자율성 갖고 R&D 투자 방향 설정 등을 약속했다. 김문수 국민의 힘 후보는 과학기술부총리와 과학특임대사 신설을 비롯해 과학기술인 처우 개선과 위상 강화, 세계적 수준의 연구 중심 허브 육성·연구 몰입 환경 조성 등을 공약했다. 연구현장이 지속적으로 요구한 정년 환원, PBS 폐지 또는 전면 개선도 공약으로 내걸었다.', 13),
(30, 'Low', '강원도 A씨가 신청하지 않았던 카드가 집으로 배송된다는 문자를 받고, 보이스피싱 범죄에 당해 10억원을 이체했다. 작년 강원지역의 보이스피싱 발생 건수는 584건, 피해금액은 254억 원이었다. 강원경찰청과 국정원, 금융기관들은 보이스피싱을 막기 위해 힘쓰고 있으며, 농협·국민·신한은행에서는 대기표에 피싱 예방 문구를 추가하고 있다. 경찰, 국정원, 금융기관 관계자들은 전국 확산 계획을 언급했다.', 14),
(31, 'Low', '코레일은 2025년까지 전국 기차역 노숙인 104명에게 일자리를 제공합니다. 서울 18명 등 다양한 지역에서 모집하며, 노숙인들은 환경미화 등의 일을 합니다. 코레일과 지자체, 노숙인지원센터가 협력하여 주거비 지원과 자활 프로그램을 운영하며, 이를 통해 노숙인의 사회 복귀를 돕습니다.', 17),
(32, 'Low', '하워드 러트닉 미 상무장관은 트럼프 대통령의 10% 기본 관세를 유지하겠지만, 국가별로 특정 품목에 대해 무관세를 적용할 가능성을 언급했습니다. 러트닉 장관은 국가별 협상에서 유연성을 강조하며, 영국과의 합의를 통해 철강, 알루미늄 등에서 25% 관세를 폐지하고, 항공기 관련 부품에 무관세를 적용하기로 했음을 시사했습니다.', 16),
(33, 'Low', '서울 마포구에서 360만 원을 3년간 모으면 1440만 원과 이자를 받을 수 있는 청년내일저축계좌 프로그램이 시작됩니다. 이 프로그램은 저소득 청년들이 경제적으로 독립할 수 있도록 지원하며, 19세에서 34세의 청년들이 매달 10만 원의 지원금을 받을 수 있습니다. 기초생활수급자와 차상위계층은 정부지원금이 월 30만 원으로 늘어나며, 만기 시 1440만 원을 받을 수 있습니다. 이 프로그램은 박강수 마포구청장의 지원 아래 시행되며, 궁금한 점은 마포구 실뿌리복지과에 문의하시면 됩니다.', 20),
(34, 'High', '하워드 러트닉 미국 상무장관은 기본 10% 관세를 유지하지만 국가별로 협상해 철강, 알루미늄, 항공기 부품은 무관세로 수입될 수 있다 밝혔습니다. 지난 8일 영국과의 협상에서는 영국산 철강·알루미늄에 대한 25% 관세를 폐지하고, 보잉사와 롤스로이스사의 항공기 부품 관련 조건을 합의했습니다. 러트닉 장관은 이러한 사례가 미국의 유연한 대응을 보여준다고 강조했습니다.', 16),
(35, 'High', '[이데일리 홍수현 기자] 19-34세 청년 대상 청년내일저축계좌 시행. 저소득 청년 경제 자립 지원 목적으로, 매월 저축액 최대 3배 정부지원금 제공. 기준 중위소득 50~100% 해당 청년 대상, 3년 만기 360만 원 저축 시 720만 원 적립금과 적금이자 수령 가능. 기초생활수급자, 차상위계층은 15세부터 참여 가능하며, 지원금 월 30만 원으로 증액. 3년간 근로활동 및 자립 역량 교육 10시간 이수 필요. 박강수 마포구청장은 사업이 청년 경제적 도움 될 것 기대. 신청은 복지로 누리집, 주소지 시군구 동주민센터에서 가능.', 20),
(36, 'High', '한국철도공사(코레일)는 2025년도에 전국 기차역 노숙인 104명을 위해 자립 지원 사업을 전개합니다. 서울 18명, 영등표 16명, 청량리, 수원, 대전 각각 10명, 의정부, 천안 각각 8명, 모란, 대구, 부산, 구포 각각 6명이 대상입니다. 이들은 6개월 동안 역 광장 환경미화 및 관련 업무에 참여하며, 월 60시간 근무해 급여를 받습니다. 코레일은 일거리와 비용을, 지자체는 주거비와 자활 프로그램, 노숙인지원센터는 근로자 선발과 운영을 담당합니다. 그동안 802개의 일자리를 창출하고 1247명에게 자립 기회를 제공했습니다.', 17),
(37, 'High', '한솔그룹의 한솔홀딩스가 한솔피엔에스 잔여주식 15.86%를 공개매수하여 상장폐지 추진. 이전 1차 공개매수 진행하여 84.14% 확보. 이번 2차 공개매수는 5월 12일부터 6월 22일까지 진행, 매수가는 1주당 1900원. NH투자증권이 담당. 한솔그룹은 삼성그룹에서 분리된 중견그룹. 한솔피엔에스는 IT서비스업 및 지류유통 사업 확대 중.', 18),
(38, 'High', '한국은 1분기 -0.2% 성장하며 19개국 중 최하위였습니다. 탄핵정국 등의 정치 혼란과 미국 관세 정책으로 경제가 뒷걸음질 쳤고, 한국은행은 기준금리 인하를 고려 중입니다.', 19),
(39, 'Low', '우리나라는 1분기 -0.2% 성장률로 19개국 중 꼴찌입니다. 정치적 혼란과 미국 불확실성 등이 원인입니다. 우리 경제는 장기간 뒷걸음질 중이며, 정부와 한국은행이 금리 인하와 같은 대책이 필요합니다. 6월 대선 후 새 정부에서 추가 예산이 불가피할 수 있습니다.', 19),
(40, 'Low', '한솔그룹의 한솔홀딩스는 자회사 한솔피엔에스의 주식 15.86%를 공개매수해 상장폐지를 추진합니다. 3월-4월 1차 매수에 이어 진행되며, 1주당 가격은 1900원입니다. 한솔홀딩스는 이번 매수로 지분을 100% 확보합니다. 한솔피엔에스는 시스템통합과 유통사업을 하는 계열사며, 한솔그룹은 삼성그룹에서 분리된 중견그룹으로 많은 상장사를 보유 중입니다. 한솔피엔에스 상장폐지를 위해서는 95% 지분 확보가 필요합니다.', 18),
(41, 'High', '미국이 영국과 무역 협상 타결 후 중국과도 제네바에서 회담을 가졌습니다. 미국과 중국은 고위급 회담에서 관세 인하에 대해 논의했습니다. 트럼프 대통령은 무역 관계 재조정 논의가 진행 중이라며 진전을 강조했습니다. 영국과의 협상에서 미국산 소고기 관세가 없어지고, 미국은 영국산 자동차 관세를 인하하기로 합의했습니다. 한국과도 협상이 진행 중이며, 일본은 협상 시점을 조율 중입니다. 관세 협상은 미국 물가와 글로벌 경제에 중요한 영향을 미치고 있습니다.', 26),
(42, 'Low', '미국은 영국과의 협상 타결에 이어, 중국과도 협상 속도를 높이고 있다. 스콧 베선트 미국 재무부 장관과 허리펑 중국 국무원 부총리는 제네바에서 관세 인하를 위한 논의를 진행했다. 트럼프 대통령은 미중 무역 관계의 재조정 논의가 진전되었음을 밝혔다. 미국은 영국과의 협상에서 자동차 관세를 인하하고, 중국과도 관세율을 낮추기 위한 조기 타결을 추진 중이다.', 26),
(43, 'High', '러시아 모스크바 붉은광장에서 열린 전승절 80주년 열병식에서 러시아군이 참가했습니다. 우크라이나 전장에 지상군을 파병한 북한도 고위급 대표단을 파견했습니다. 행사에 참석한 시진핑 중국 국가주석은 블라디미르 푸틴 러시아 대통령과 대화를 나누었고, 두 정상은 여러 협력 문서에 서명했습니다.', 22),
(44, 'Low', '베트남에서 음식 관련 문제들이 발생하고 있습니다. 숙주로 많이 쓰이는 재료에 약품을 사용해 크게 만드는 ''벌크업'' 현상이 문제입니다. 숙주를 무해하게 만든다고 했지만, 사실은 건강에 해로운 성분이 사용됐습니다. 닥락성에서 35세 여성이 이를 먹고 병원에 가 사망하기도 했습니다. 두리안 과일에도 불법 약물이 사용되어 문제가 됐습니다. 건강 식품들도 가짜 제품으로 밝혀져 논란이 생겼습니다. 이렇게 많은 가짜 제품은 베트남에서 문제가 되고 있으며, 정부도 이에 대한 조치를 강화하고 있습니다.', 25),
(45, 'Low', '체코에서 프랑스 전력회사인 EDF가 소송을 제기하여 한국의 원자력발전소 계약이 중단되었습니다. 이에 한국과 체코는 손해를 봤고, 계약이 더 늦어질 수 있습니다. 한국 정부는 프랑스의 방해에 대해 인지하고 있었지만 대비가 부족했습니다. 체코에 방문한 국회의원들은 한국의 강한 의지를 보여주었습니다.', 24),
(46, 'High', '부석사 금동관세음보살좌상이 일본으로 반환되면서 일본의 문화재 반환 책임이 강조된다. 2012년 절도사건이 해결되며, 대법원도 불상이 약탈된 정황을 인정했다. 이전된 불상에 대한 일본의 적절한 후속조치가 기대되며, 이는 국제적 반환 추세에도 부합한다. 프랑스와 독일 등의 사례는 반환의 필요성을 보여준다. 이상근 문화유산회복재단 이사장은 일본의 책임있는 대응을 촉구했다.', 23),
(47, 'High', '체코에서 한국의 원전 수출 계약이 체코 법원의 결정으로 중단되었습니다. 한국수력원자력(한수원)이 체코의 원전 수주 경쟁에서 프랑스 전력공사(EDF)에 승리했지만, EDF는 계약 절차가 불공정했다며 소송을 제기해 계약이 지연되고 있습니다. 체코전력공사의 다니엘 베네시 CEO는 EDF가 유럽 시장에서 기득권을 놓치지 않기 위해 소란을 일으키고 있다고 말했습니다. 정부는 이런 법적 문제를 인식했지만, EDF의 이의 제기가 기각된 것을 믿고 방심한 부분이 있습니다. 체코에서 만난 한국 국회의원들과 안덕근 산업통상자원부 장관은 한국의 원전 완공에 확신을 보이고 있습니다.', 24),
(48, 'Low', '부석사 금동관세음보살좌상이 일본으로 반환됨에 따라 약탈 문화재 반환에 대한 일본의 책임 있는 대응 요구가 제기된다. 2012년 절도사건은 이번 반환으로 마무리되며, 대법원은 왜구에 의한 약탈 정황을 인정했다. 국제적으로도 약탈 문화재 반환이 늘고 있다. 박양진 충남대 교수는 유네스코 협약 이후 약탈된 문화유산을 반환하는 게 국제적 흐름이라고 설명했다. 이상근 문화유산회복재단 이사장은 일본이 약탈문화재에 대한 답을 해야 한다고 주장했다.', 23),
(49, 'Low', '러시아 모스크바에서 전승절 80주년 열병식이 열렸다. 러시아군이 행진하며 소리를 냈고, 북한은 고위급 대표단을 보냈다. 중국 시진핑 주석은 푸틴 대통령과 통역과 대화했고, 두 정상은 전날 회담 후 협력 문서에 서명했다.', 22),
(50, 'High', '베트남의 식품 안전 문제가 최근 주목받고 있습니다. 숙주나물의 "벌크업"이 화두인데, 이는 숙주나물을 화학 약품에 담가 키우는 것을 말합니다. 6-벤질아미노퓨린 약품이 사용되어 논란이 되었으며, 이는 베트남 전역에서 판매되었습니다. 또 두리안에도 불법 약물이 사용되었습니다. 두리안 성숙 가속 약품이 밀수되었습니다. 두리안 가격은 최근 하락했으며, 주요 수출 시장은 중국입니다. 기능성 분유와 다른 건강 제품들도 가짜로 밝혀졌습니다. 베트남 정부도 가짜 식품 단속에 착수했습니다. 이러한 상황은 빠른 경제 성장으로 유사 사례가 많았던 중국을 연상시킵니다.', 25);
-- -- 1. News 데이터 삽입
-- INSERT INTO news (news_id, uuid, title, author, content, views, thumbnail_url, created_at) VALUES
-- (1, '123e4567-e89b-12d3-a456-426614174000', 'AI가 바꿀 미래 사회', '홍길동', 'AI는 산업 전반에 혁신을...', 120, 'https://example.com/thumb1.jpg', '2025-05-10 13:45:00.123'),
-- (2, '223e4567-e89b-12d3-a456-426614174001', '2025년 경제 전망', '김영희', '2025년 경제는 완만한 회복세...', 89, 'https://example.com/thumb2.jpg', '2025-05-12 13:45:00.123'),
-- (3, '323e4567-e89b-12d3-a456-426614174002', '우주 탐사의 현재와 미래', '이준호', '최근 우주 탐사 미션이 활발히...', 234, 'https://example.com/thumb3.jpg', '2025-05-15 13:45:00.123');
--
-- -- 2. Domain 데이터 삽입 (각 뉴스에 속한 카테고리)
-- INSERT INTO domain (domain_id, domain, news_id) VALUES
-- (1, 'IT', 1),
-- (2, '기술', 1),
-- (3, '경제', 2),
-- (4, '시사', 2),
-- (5, '우주', 3),
-- (6, '과학', 3);
--
-- -- 3. Word 데이터 삽입 (뉴스 콘텐츠 속 단어 설명)
-- INSERT INTO word (word_id, word, definition, sentence, level, news_id) VALUES
-- -- News 1번 관련 단어
-- (1, '혁신', '새롭고 획기적인 변화', 'AI는 산업 전반에 혁신을 가져왔다.', 'HIGH', 1),
-- (2, '산업', '경제 활동의 한 분야', 'AI는 여러 산업에 영향을 준다.', 'MIDDLE', 1),
--
-- -- News 2번 관련 단어
-- (3, '경제', '재화의 생산과 소비 활동', '2025년 경제는 회복세를 보일 것이다.', 'MIDDLE', 2),
-- (4, '회복세', '다시 좋아지는 추세', '경제가 완만한 회복세를 보이고 있다.', 'HIGH', 2),
--
-- -- News 3번 관련 단어
-- (5, '우주', '지구 밖의 공간', '우주 탐사는 미래의 핵심 산업이다.', 'LOW', 3),
-- (6, '탐사', '자세히 조사하고 살피는 것', '과학자들은 화성을 탐사했다.', 'MIDDLE', 3);
--
-- -- 4. 긍부정 평가 (뉴스별 긍부정 평가)
-- INSERT INTO pnevaluation (pn_evaluation_id, positive_comment, negative_comment, news_id) VALUES
-- (1, 'AI의 긍정적 활용 가능성이 돋보입니다.', '기술 발전이 일자리에 미칠 부정적 영향이 우려됩니다.', 1),
-- (2, '경제 회복에 대한 낙관적인 전망이 제시되었습니다.', '구체적인 지표나 수치가 부족합니다.', 2),
-- (3, '우주 탐사의 진전이 인상적이며 미래지향적입니다.', '우주 개발에 드는 과도한 비용이 문제로 보입니다.', 3);
--
-- -- 5. Summary 데이터 삽입 (뉴스별 요약 - 레벨별 1개씩)
-- INSERT INTO summary (summary_id, level, summary_content, news_id) VALUES
-- -- News 1: AI가 바꿀 미래 사회
-- (1, 'LOW', 'AI는 사회에 영향을 준다.', 1),
-- (2, 'MIDDLE', 'AI는 다양한 산업에 도입되어 구조를 변화시키고 있다.', 1),
-- (3, 'HIGH', 'AI 기술은 산업 전반에 걸쳐 자동화와 효율화를 촉진시키며, 미래 사회 구조의 근본적 변화를 이끌고 있다.', 1),
--
-- -- News 2: 2025년 경제 전망
-- (4, 'LOW', '경제는 좋아질 것이다.', 2),
-- (5, 'MIDDLE', '2025년 경제는 회복 국면에 진입할 것으로 보인다.', 2),
-- (6, 'HIGH', '전문가들은 2025년 경제가 완만한 회복세를 보일 것으로 전망하며, 소비와 투자의 점진적 증가가 이를 뒷받침할 것으로 보고 있다.', 2),
--
-- -- News 3: 우주 탐사의 현재와 미래
-- (7, 'LOW', '우주 탐사가 활발해지고 있다.', 3),
-- (8, 'MIDDLE', '우주 탐사는 민간과 정부 차원에서 활발히 이루어지고 있다.', 3),
-- (9, 'HIGH', '최근 우주 탐사는 기술의 발전과 민간기업의 참여로 더욱 활발해지고 있으며, 장기적으로는 화성 탐사와 같은 미래 지향적 목표를 향하고 있다.', 3);
--
-- 6. Quiz 데이터 삽입
INSERT INTO quiz (quiz_id, question, answer, option_one, option_two, option_three, option_four) VALUES
(1, '동물을 뜻하는 것이 아닌 것은?', 1, '사과', '토끼', '사자', '호랑이'),
(2, '과일이 아닌 것은?', 3, '딸기', '사과', '호랑이', '포도'),
(3, '색깔을 뜻하지 않는 것은?', 4, '빨강', '파랑', '노랑', '책상'),
(4, '직업이 아닌 것은?', 2, '의사', '고양이', '교사', '간호사'),
(5, '자연 현상이 아닌 것은?', 4, '비', '눈', '바람', '자전거'),
(6, '감정을 표현하지 않는 단어는?', 1, '컵', '기쁨', '슬픔', '화남'),
(7, '식물이 아닌 것은?', 2, '나무', '개', '장미', '풀'),
(8, '국가 이름이 아닌 것은?', 3, '한국', '미국', '냉장고', '일본'),
(9, '교통수단이 아닌 것은?', 4, '자동차', '자전거', '기차', '강아지'),
(10, '계절이 아닌 것은?', 2, '봄', '물', '가을', '겨울'),
(11, '신체 부위가 아닌 것은?', 3, '손', '발', '컵', '눈'),
(12, '음식이 아닌 것은?', 4, '김치', '된장국', '라면', '의자'),
(13, '가구가 아닌 것은?', 1, '고양이', '책상', '의자', '침대'),
(14, '전자기기가 아닌 것은?', 2, '스마트폰', '귤', '노트북', '태블릿'),
(15, '시간 단위가 아닌 것은?', 4, '초', '분', '시간', '사탕'),
(16, '날씨와 관련 없는 것은?', 4, '맑음', '비', '눈', '연필'),
(17, '음료수가 아닌 것은?', 2, '콜라', '휴지', '주스', '사이다'),
(18, '학교에서 볼 수 없는 것은?', 3, '칠판', '선생님', '냉장고', '학생'),
(19, '운동과 관련 없는 것은?', 1, '냄비', '축구', '농구', '달리기'),
(20, '소리를 내지 않는 것은?', 4, '피리', '북', '피아노', '그림'),
(21, '동사(행동을 나타내는 말)가 아닌 것은?', 2, '뛰다', '바다', '먹다', '걷다'),
(22, '물건을 담을 수 없는 것은?', 3, '가방', '상자', '의자', '지갑'),
(23, '계절에 해당하지 않는 것은?', 1, '학교', '봄', '여름', '겨울'),
(24, '운동 기구가 아닌 것은?', 2, '덤벨', '과일', '러닝머신', '줄넘기'),
(25, '하늘과 관련 없는 것은?', 3, '구름', '해', '책', '별'),
(26, '바다에 없는 것은?', 2, '물고기', '텔레비전', '산호', '고래'),
(27, '빛을 내는 것이 아닌 것은?', 4, '태양', '전등', '촛불', '베개'),
(28, '냄새를 맡는 데 쓰이지 않는 것은?', 1, '손', '코', '후각', '냄새'),
(29, '의복이 아닌 것은?', 3, '셔츠', '바지', '창문', '모자'),
(30, '동화 속 인물이 아닌 것은?', 4, '백설공주', '신데렐라', '헨젤', '핸드폰');
